,ALA,ARG,ASN,ASP,CYS,GLN,GLU,GLY,ILE,LEU,LYS,MET,PHE,PRO,SER,THR,TRP,TYR,VAL,HIS
10gs,2,5,5,3,3,4,3,6,4,7,4,1,2,3,2,3,1,5,6,0
11gs,3,5,5,4,3,4,3,6,5,10,4,1,2,3,2,4,1,5,6,0
1a08,2,5,1,2,2,0,4,3,3,3,4,0,0,0,4,5,0,4,3,3
1a0q,0,2,2,1,1,2,0,4,2,6,2,0,1,1,0,3,2,7,1,1
1a1b,2,5,1,3,2,0,4,3,3,3,4,0,0,0,4,5,0,4,3,3
1a1c,2,5,1,2,2,0,4,3,3,3,4,0,0,0,4,5,0,4,3,3
1a1e,2,5,1,2,2,0,4,3,3,4,4,0,0,0,4,5,0,4,3,3
1a30,2,2,2,3,0,0,2,7,6,6,3,1,1,3,0,4,0,0,5,0
1a42,3,3,5,2,1,4,4,7,3,9,2,1,7,3,3,3,6,2,5,6
1a4k,1,2,5,1,0,1,1,3,1,0,0,1,2,2,1,5,2,5,3,3
1a4r,3,2,0,6,3,3,2,5,2,6,3,0,3,2,6,6,1,3,9,0
1a4w,4,5,4,6,5,1,5,10,4,7,3,1,3,2,3,3,3,4,4,1
1a69,5,6,0,4,3,2,4,8,7,4,0,5,4,4,5,6,0,2,5,4
1a7x,3,3,0,4,1,1,4,8,4,3,5,2,4,5,3,2,1,3,5,3
1a8i,6,3,10,3,1,1,4,10,3,4,3,1,3,1,4,7,0,5,2,4
1a94,2,2,2,4,0,1,1,6,6,6,2,1,1,4,0,4,1,0,5,0
1a99,7,1,2,4,0,2,2,3,3,2,0,2,5,1,6,2,4,5,5,1
1a9m,2,2,2,3,0,1,1,6,5,7,2,1,1,3,0,4,0,0,5,1
1aaq,2,2,2,3,0,0,1,6,5,6,2,1,1,3,0,3,0,0,3,0
1abf,5,3,3,8,1,4,3,3,3,5,1,3,1,6,4,6,1,0,6,1
1add,7,2,0,6,3,1,3,8,5,9,1,3,3,4,4,3,3,4,4,6
1adl,4,5,2,4,1,2,6,3,6,2,7,4,3,1,6,7,2,2,9,0
1ado,5,4,2,2,0,2,5,3,5,5,3,1,2,2,5,2,0,2,0,1
1af2,10,3,6,2,2,5,5,4,4,4,1,3,5,4,3,5,0,3,3,2
1af6,5,7,3,4,1,5,6,4,3,2,4,1,2,0,3,1,3,6,3,2
1afk,6,3,5,2,3,2,3,2,1,1,4,2,3,2,0,3,0,2,6,2
1afl,6,2,5,1,3,2,3,2,1,1,4,2,3,3,0,3,0,2,6,2
1agm,2,5,5,7,1,2,3,6,0,6,1,0,3,4,8,5,5,8,4,0
1ai4,2,3,8,2,0,2,1,7,1,3,0,2,7,2,5,8,5,4,1,0
1ai5,2,3,10,2,0,2,1,7,1,3,0,2,7,2,5,8,5,4,2,0
1ai7,2,3,7,2,0,2,1,6,1,2,0,2,5,2,5,7,4,3,1,0
1aid,1,3,2,3,0,0,2,7,5,3,2,1,1,2,0,3,0,0,5,0
1aj6,6,1,2,4,1,2,5,9,7,3,1,2,1,1,2,4,0,0,12,3
1aj7,2,2,2,3,1,1,0,3,4,4,3,0,1,2,2,1,2,6,1,1
1ajn,2,3,9,2,0,2,1,8,1,4,0,2,7,2,5,8,5,4,1,0
1ajp,2,3,9,2,0,2,1,7,1,2,0,2,7,2,5,8,5,4,2,0
1ajq,2,3,9,2,0,2,1,6,1,2,0,2,6,2,5,7,5,3,1,0
1ajv,2,2,2,3,0,2,1,7,5,7,1,1,1,3,0,4,0,0,5,0
1ajx,2,2,2,3,0,0,1,7,5,7,1,1,1,3,0,3,0,0,4,0
1alw,1,1,3,2,0,2,0,0,4,5,4,1,4,1,0,2,2,1,2,1
1amw,4,5,4,3,0,2,2,8,12,7,3,2,6,0,7,4,1,1,3,0
1apb,5,3,3,8,1,4,4,5,3,4,1,3,1,5,4,5,1,0,6,1
1apv,7,0,7,7,1,4,2,14,8,10,1,0,6,1,11,6,2,4,0,0
1apw,6,0,7,7,1,4,2,14,8,10,1,0,6,1,10,6,2,5,0,0
1atl,2,1,1,3,2,2,5,7,2,10,2,4,2,2,6,3,0,1,2,4
1avn,1,1,4,0,0,1,1,1,1,6,1,0,5,2,0,2,1,1,4,5
1awi,4,2,2,3,1,1,1,2,2,2,4,2,0,1,4,2,2,4,3,1
1ax0,5,2,3,5,0,2,1,5,1,2,0,0,2,3,3,3,2,2,0,1
1axz,5,2,1,5,0,2,1,5,1,2,0,0,1,3,3,3,2,2,0,1
1b05,5,5,11,6,2,2,4,3,3,8,3,1,2,4,9,6,2,15,5,3
1b0h,6,5,12,6,2,3,4,3,4,9,4,2,3,4,12,7,2,17,5,4
1b11,1,3,3,3,1,2,0,7,4,7,1,2,0,1,0,2,0,0,2,0
1b1h,5,5,11,6,2,4,5,4,3,7,4,2,3,4,11,9,2,15,5,4
1b2h,5,5,11,6,2,3,4,4,3,8,3,2,3,4,10,8,2,15,5,4
1b32,5,5,11,6,2,3,4,4,2,7,4,2,3,4,10,8,2,15,5,4
1b38,4,3,2,5,0,2,4,5,4,11,9,0,5,2,0,4,0,4,10,2
1b39,4,3,2,4,0,2,4,5,4,13,9,0,5,2,0,4,0,4,10,2
1b3f,5,5,11,6,2,3,4,3,2,7,4,2,3,4,10,7,2,15,5,4
1b3g,5,5,11,6,2,1,4,3,3,7,4,1,2,4,9,7,2,16,5,3
1b3h,6,5,11,7,2,2,4,4,2,7,4,2,3,5,13,8,2,15,5,4
1b3l,4,5,10,5,2,2,4,3,2,6,2,1,2,4,8,6,2,15,5,3
1b40,6,5,11,6,2,3,4,4,2,7,4,2,3,4,13,7,2,15,5,4
1b46,5,5,11,6,2,2,4,3,2,6,4,1,2,4,9,6,2,15,5,3
1b4h,5,5,11,7,2,2,4,3,2,7,3,2,3,5,9,6,2,15,5,3
1b4z,5,5,11,6,2,2,4,3,2,7,4,2,2,4,10,6,2,15,5,3
1b51,5,5,11,6,2,2,4,3,3,7,3,1,2,4,9,6,2,15,5,3
1b52,5,5,11,7,2,1,4,3,3,7,4,1,2,4,9,6,2,14,5,3
1b55,0,2,1,0,0,2,3,1,1,5,9,0,3,2,5,1,0,5,1,0
1b58,6,5,12,6,2,2,4,4,2,7,4,2,3,4,12,7,2,16,5,4
1b5h,5,5,11,6,2,2,4,3,3,7,3,1,2,4,9,6,2,15,5,3
1b5i,5,5,11,6,2,2,4,3,2,7,3,2,2,4,10,7,2,15,5,3
1b5j,5,5,11,6,2,3,4,3,2,7,4,2,3,4,10,7,2,15,5,4
1b6h,5,5,11,6,2,3,4,3,3,7,3,1,3,4,9,8,2,15,5,3
1b6j,4,4,4,6,0,0,2,13,10,13,3,2,2,6,0,7,0,0,7,0
1b6k,4,4,4,6,0,0,1,13,12,8,2,2,2,6,0,7,0,0,8,0
1b6l,4,4,4,6,0,0,1,12,12,11,4,2,2,6,0,8,0,0,8,0
1b6m,4,4,4,6,0,0,2,13,12,9,3,2,2,6,0,7,0,0,8,0
1b74,9,0,1,2,3,0,3,8,7,8,3,0,1,3,6,5,0,4,9,1
1b7h,5,5,11,7,2,3,4,4,2,7,4,2,3,5,9,8,2,15,5,4
1b8n,5,1,4,1,2,0,7,10,2,7,2,4,2,3,4,5,0,2,7,3
1b8o,5,1,5,1,2,0,7,11,2,6,2,4,2,3,4,5,0,2,7,3
1b8y,6,2,3,5,0,0,3,4,1,9,0,1,6,1,4,5,2,4,3,6
1b9j,5,5,11,6,2,3,4,3,2,7,4,1,3,4,10,8,2,15,5,3
1bai,5,3,2,4,1,1,1,6,5,5,2,1,0,5,1,4,0,0,4,2
1bap,5,3,3,7,1,4,3,4,3,5,1,3,1,5,4,4,1,0,5,1
1bcd,2,2,3,0,1,2,3,3,3,8,0,0,4,3,2,3,6,2,7,6
1bcu,3,1,1,4,5,0,3,10,2,3,3,0,3,0,2,2,2,4,4,1
1bdq,2,2,2,3,0,0,0,6,6,6,1,1,1,3,1,3,0,0,4,0
1bgq,3,6,4,3,0,1,3,7,11,8,4,1,4,0,6,2,1,2,3,0
1bhf,3,4,0,4,1,1,3,1,4,6,4,0,3,1,8,3,0,3,3,2
1bhx,4,5,3,6,5,0,4,11,4,5,3,1,3,2,3,4,3,4,4,1
1bma,5,3,3,5,4,2,0,12,1,4,2,1,2,2,5,9,3,0,9,2
1bn1,3,2,3,1,1,4,4,5,3,9,1,0,6,3,3,3,6,2,5,6
1bn3,3,3,4,2,1,4,4,5,3,8,1,0,6,3,3,3,6,2,5,6
1bn4,3,3,3,1,1,4,4,5,3,9,1,0,6,3,3,3,6,2,5,6
1bnn,3,3,3,2,1,4,4,5,3,9,1,0,6,3,3,3,6,2,5,6
1bnq,3,3,5,2,1,4,4,7,3,9,2,1,7,3,2,3,5,2,5,6
1bnt,3,3,4,1,1,4,4,6,3,9,1,0,6,3,3,3,6,2,5,6
1bnu,3,3,4,2,1,4,4,5,3,9,1,0,6,3,2,3,6,2,5,6
1bnv,3,4,3,2,1,4,4,6,3,9,2,0,6,3,3,3,6,2,5,6
1bnw,3,3,3,2,1,4,4,4,3,9,1,0,6,3,3,3,6,2,5,6
1bp0,5,3,2,3,1,3,1,3,5,6,1,1,4,4,4,4,3,7,5,6
1bq4,2,6,6,0,0,2,5,6,2,6,5,0,2,2,5,3,2,2,3,3
1br6,5,7,4,4,1,1,3,4,6,9,0,2,6,2,4,3,1,5,5,1
1bra,2,0,3,4,4,1,0,12,3,4,2,0,2,2,6,1,1,3,7,1
1bv7,1,2,2,3,0,1,1,6,5,7,2,1,2,3,0,4,0,0,3,0
1bv9,2,2,2,3,0,1,1,6,4,7,2,1,1,3,0,4,0,0,5,0
1bwa,2,2,2,3,0,1,1,6,4,7,1,1,2,3,0,4,0,0,4,0
1bwb,2,2,2,3,0,1,1,7,4,7,2,1,2,4,0,4,0,0,4,0
1bxo,7,0,6,8,1,4,2,17,8,10,1,0,6,1,10,6,2,5,1,0
1bxq,7,0,6,8,1,4,2,17,8,10,1,0,5,1,13,6,2,5,1,0
1bxr,6,7,3,4,1,4,8,12,9,5,4,4,5,3,9,7,1,2,6,1
1byk,7,4,2,7,2,2,1,9,4,11,2,3,3,3,6,7,0,3,9,1
1bzc,1,7,3,2,3,3,1,6,2,5,4,2,2,2,4,3,1,2,3,1
1bzh,2,8,4,2,2,4,2,6,2,6,4,2,2,3,4,3,1,2,3,1
1bzj,1,7,3,2,3,3,1,6,2,4,3,2,2,2,4,3,1,2,4,1
1bzy,1,4,2,6,3,2,2,6,7,8,8,1,4,2,4,5,0,6,8,1
1c1r,4,0,1,3,5,2,0,10,3,3,5,0,2,1,8,1,2,7,4,2
1c1u,4,3,1,4,5,1,4,10,3,8,3,0,4,0,2,3,2,4,4,1
1c1v,4,2,2,4,5,1,4,10,3,8,3,0,5,0,2,3,2,4,4,1
1c3x,5,1,2,2,1,1,2,10,2,7,0,1,2,2,3,7,1,3,5,3
1c4u,4,4,3,6,5,0,4,10,4,5,3,1,3,2,3,3,3,5,4,1
1c4v,4,6,3,7,6,0,4,12,4,5,4,1,3,2,3,4,4,5,4,1
1c5c,3,2,1,3,1,2,0,2,3,5,2,0,2,2,4,1,2,5,0,0
1c5n,3,2,1,5,5,0,3,11,2,3,3,0,3,0,2,2,2,4,4,1
1c5o,3,2,1,4,5,0,3,10,2,3,3,0,3,0,2,2,2,3,4,1
1c5p,4,0,2,3,5,2,0,11,3,2,4,0,2,1,6,1,1,4,4,1
1c5q,4,0,2,3,5,2,0,12,3,2,4,0,2,1,6,1,1,4,4,1
1c5s,4,0,2,3,5,2,0,11,3,2,4,0,2,1,6,1,1,4,4,1
1c5t,4,0,2,3,5,2,0,11,3,2,4,0,2,1,6,1,1,4,4,1
1c5x,6,1,0,5,5,1,0,8,4,4,3,0,0,1,4,4,2,4,4,2
1c5y,6,1,0,5,5,1,0,8,4,4,3,0,0,1,4,4,2,4,4,2
1c5z,6,1,0,5,5,1,0,8,4,4,3,0,0,1,4,4,2,3,4,2
1c70,4,4,4,6,0,2,3,13,10,14,4,2,2,6,0,8,0,0,8,0
1c83,1,7,2,2,3,3,1,6,2,4,3,3,2,1,4,3,1,2,4,1
1c84,1,7,2,2,2,3,1,6,2,4,3,3,2,1,4,3,1,3,5,1
1c86,1,6,3,1,3,3,1,6,2,4,3,3,2,1,4,3,1,3,6,1
1c87,1,7,2,2,3,3,1,6,2,4,2,3,2,2,4,3,1,3,5,1
1c88,1,7,3,2,3,3,1,6,2,4,3,3,2,1,4,3,1,2,4,1
1caq,7,3,3,5,0,0,3,6,1,10,0,1,6,4,4,6,2,4,3,6
1cbx,5,4,2,4,0,2,3,6,7,5,1,0,4,1,10,6,2,7,0,2
1ce5,4,0,2,3,5,2,0,11,3,2,4,0,2,1,6,1,1,4,4,1
1cea,0,4,3,3,2,2,0,1,0,1,1,0,1,4,1,2,2,3,0,2
1ceb,0,4,3,3,2,2,0,1,0,1,2,0,1,4,1,2,2,3,0,2
1cet,1,0,3,1,0,0,1,6,5,4,2,2,2,2,2,4,0,1,6,1
1cgl,6,2,3,5,0,0,3,7,2,5,0,1,4,3,5,1,1,3,3,7
1ch8,4,4,2,5,2,3,5,14,6,10,7,1,2,2,2,12,1,1,7,2
1cil,3,3,4,1,1,4,4,6,3,9,1,1,7,3,3,3,6,2,5,6
1cim,3,3,3,1,1,3,4,6,3,8,0,0,6,3,2,3,6,2,5,6
1cin,3,3,3,1,1,3,4,6,3,9,1,0,6,3,3,3,6,2,5,6
1ciz,7,3,3,5,0,0,3,5,1,9,1,1,6,3,4,6,2,4,3,6
1cnw,3,2,3,1,1,4,4,4,3,8,1,0,5,3,2,3,5,2,6,6
1cnx,3,2,3,2,1,4,4,3,3,8,1,0,4,3,2,3,5,2,7,6
1cny,3,2,3,1,1,4,4,3,3,7,1,0,5,3,2,3,5,2,5,6
1cps,5,4,2,4,0,2,3,7,7,6,1,0,4,1,10,6,4,7,0,2
1ct8,2,1,2,0,0,2,1,5,2,4,2,0,2,1,3,5,3,5,3,3
1ctt,10,3,7,2,2,5,5,4,4,3,0,3,4,4,3,6,0,2,3,2
1ctu,9,2,7,2,2,5,5,4,3,4,0,3,5,4,2,6,0,3,3,2
1d09,3,8,3,4,0,4,5,6,1,5,3,2,3,4,5,8,0,3,6,4
1d2e,10,1,3,7,2,3,2,5,4,6,3,0,0,1,2,6,0,3,7,5
1d3d,4,5,3,6,5,0,5,10,4,7,3,1,4,2,2,4,3,5,4,1
1d3p,4,6,4,6,5,0,5,10,4,7,3,1,4,2,2,4,3,5,4,1
1d4k,2,2,2,3,0,0,0,7,6,6,3,1,1,3,0,4,0,0,5,0
1d4l,2,2,2,3,0,1,1,7,6,6,2,1,1,3,0,4,0,0,5,0
1d4p,4,5,3,7,5,0,4,10,4,5,3,1,3,2,2,4,3,5,4,1
1d4y,2,2,2,3,0,1,2,6,6,6,3,1,1,3,0,4,0,0,4,0
1d5r,2,5,2,3,2,1,2,5,3,1,4,2,2,3,1,3,1,2,3,3
1d6v,1,2,2,3,1,2,1,2,2,5,2,0,4,2,2,2,2,8,1,0
1d6w,4,6,3,7,5,0,4,11,4,5,3,1,3,2,3,4,3,5,4,1
1d7i,1,3,0,2,0,1,3,2,4,2,2,1,4,1,2,1,1,3,5,2
1d7j,1,3,0,2,0,1,3,3,4,2,1,1,4,0,2,1,1,3,5,2
1d9i,4,4,3,6,5,0,4,10,4,6,3,1,1,2,3,4,3,4,4,1
1db1,3,5,2,5,3,3,6,3,6,14,6,4,5,3,10,6,1,6,7,5
1det,2,1,5,0,0,0,2,2,1,0,1,0,3,1,3,1,0,5,2,2
1df8,9,1,5,2,0,2,2,4,0,4,2,0,2,0,6,8,6,3,3,2
1dfo,6,3,7,3,0,1,2,12,2,4,8,1,4,6,9,3,0,5,6,5
1dhi,7,4,4,1,1,1,2,7,6,8,2,4,3,3,3,3,3,3,3,2
1dhj,7,3,5,1,1,1,2,7,7,8,2,4,3,3,3,3,3,3,4,2
1dif,2,2,2,3,0,1,1,6,5,6,1,1,1,3,0,3,0,0,4,0
1dl7,2,1,3,0,0,0,0,3,1,2,1,0,0,2,2,4,5,3,2,2
1dmp,2,2,2,3,0,0,1,6,5,7,1,1,1,3,0,4,0,0,3,0
1dqn,2,2,2,6,2,1,2,6,7,11,3,2,5,1,7,2,1,4,4,1
1dqx,7,5,2,7,2,4,2,8,5,11,6,2,4,1,4,4,0,2,7,2
1drj,8,5,6,7,0,4,2,4,4,6,0,1,5,3,5,5,0,0,2,1
1drk,9,4,6,7,0,4,2,4,4,6,1,1,5,3,5,6,0,0,2,1
1dud,7,2,1,3,0,3,1,8,7,12,1,4,0,2,4,3,0,1,4,2
1duv,5,6,6,5,2,4,7,5,2,7,2,5,4,2,5,7,2,5,4,3
1dy4,5,5,4,9,6,1,2,4,1,7,0,3,2,5,6,2,4,8,2,1
1dzk,2,1,6,1,0,1,1,5,11,5,2,2,8,1,8,5,1,4,7,0
1e1v,3,0,2,4,0,2,4,3,3,12,9,0,4,1,0,4,0,3,6,2
1e1x,3,0,2,4,0,2,4,3,4,11,9,0,4,1,0,3,0,3,6,2
1e2k,8,7,1,3,1,3,3,5,6,5,1,8,1,7,2,7,1,5,1,3
1e2l,8,7,1,3,1,3,3,5,6,5,1,8,2,7,2,6,1,3,1,3
1e3v,5,4,2,4,2,4,4,5,7,4,1,5,3,2,2,0,2,4,8,0
1e4h,5,1,0,1,0,0,1,2,1,3,1,1,0,1,4,4,0,3,4,0
1e5a,5,0,0,1,0,0,1,2,1,4,1,1,0,1,4,4,0,3,4,1
1e66,3,2,3,2,0,3,6,13,4,4,1,2,7,2,8,0,6,7,7,1
1e6q,4,5,5,3,0,2,3,5,5,4,1,1,6,0,5,6,3,6,2,1
1e6s,4,5,5,3,0,2,3,5,5,4,1,1,6,0,5,6,3,6,2,1
1ec9,5,3,5,8,1,2,1,4,1,9,2,4,6,3,4,5,2,2,1,4
1ecq,6,3,5,8,1,2,1,4,2,9,2,3,6,2,4,5,2,2,1,4
1ecv,1,7,3,2,2,3,1,6,2,4,3,3,2,1,4,3,1,2,4,1
1efy,4,2,4,3,1,2,1,6,4,9,3,3,4,1,3,1,1,7,5,4
1egh,5,2,2,5,1,2,0,6,2,10,2,3,2,3,1,3,1,3,5,3
1eix,9,5,2,4,1,3,3,4,6,5,3,6,3,5,4,5,0,2,12,3
1ejn,5,2,0,6,5,1,0,9,6,4,4,0,2,1,5,6,2,9,4,2
1ela,5,3,3,5,4,1,0,10,1,4,2,1,2,2,5,9,3,0,9,2
1elb,5,4,3,5,4,1,0,9,1,5,1,1,3,1,4,9,3,1,8,2
1elc,5,4,3,5,4,1,0,10,2,5,1,1,3,2,4,10,3,2,8,2
1eld,5,4,3,5,4,2,0,11,2,4,2,1,2,2,5,10,3,1,9,2
1ele,5,2,3,5,4,2,0,11,1,4,2,1,2,2,5,9,3,0,9,2
1elr,10,3,4,5,2,2,3,3,3,3,9,1,3,1,1,3,0,8,2,0
1ent,4,0,2,11,0,4,2,15,10,9,1,0,7,2,14,8,3,5,3,0
1epo,4,0,2,12,0,3,1,15,11,10,1,0,8,2,14,7,2,5,3,0
1erb,7,3,4,5,1,3,2,6,3,5,6,4,7,1,5,2,4,4,7,1
1ew8,14,1,2,6,0,4,3,4,2,1,2,1,0,1,5,4,1,2,1,4
1ew9,11,1,3,6,0,2,2,4,1,1,2,1,0,1,5,3,0,1,1,4
1ex8,5,8,6,4,0,3,5,4,4,12,1,3,2,8,1,5,3,4,4,1
1ez9,6,2,5,3,0,2,6,5,4,3,2,2,4,7,4,2,5,3,5,1
1ezq,4,3,0,4,5,4,4,10,5,1,5,1,5,0,5,5,1,4,4,3
1f0r,4,2,0,4,4,3,4,9,5,1,3,1,4,1,6,4,1,4,4,3
1f0s,4,2,0,4,4,3,4,11,5,1,3,1,4,1,6,4,1,4,4,2
1f0t,5,0,6,3,5,3,0,12,4,2,4,1,2,2,6,3,1,5,4,1
1f0u,5,0,6,3,5,3,0,13,4,2,4,1,2,2,9,5,1,5,4,1
1f2o,4,2,3,7,1,0,4,10,2,4,0,1,3,0,7,2,1,3,1,3
1f2p,4,2,3,8,1,0,4,9,3,4,0,1,3,0,7,2,1,4,2,3
1f3e,3,1,1,3,2,4,2,10,1,6,0,7,3,1,7,3,1,4,7,0
1f4e,7,4,1,2,3,1,2,2,6,8,1,1,3,2,3,1,6,3,4,4
1f4f,6,5,3,3,3,3,2,3,6,9,2,1,3,4,3,1,4,5,5,5
1f4g,6,6,3,4,3,4,2,4,6,11,2,0,3,4,5,5,4,5,5,5
1f4x,5,2,3,1,0,0,0,3,0,2,0,0,3,0,4,2,3,4,3,1
1f57,3,3,2,3,0,2,3,5,6,3,0,0,3,0,7,4,1,3,0,2
1f5k,4,1,0,5,5,1,0,8,4,4,3,0,0,1,4,3,2,3,4,2
1f5l,4,1,1,6,5,1,0,8,4,4,4,0,0,1,4,6,2,4,4,2
1f8a,1,4,3,0,0,2,3,5,6,1,4,2,2,1,6,1,2,2,2,2
1f9g,4,8,6,3,0,1,4,4,1,1,1,1,1,0,4,2,2,4,1,1
1fao,0,3,0,1,0,1,1,2,2,4,5,0,4,1,1,4,2,2,1,0
1fch,12,3,9,1,3,5,5,8,5,16,1,2,4,0,9,4,1,5,4,1
1fcx,5,4,1,3,3,2,5,5,9,15,5,6,5,5,5,8,1,2,1,2
1fcy,4,4,1,3,3,2,5,5,9,15,5,6,6,5,5,8,1,2,1,2
1fcz,6,4,1,3,3,2,5,5,9,16,5,6,6,5,4,8,1,2,1,2
1fd0,6,4,1,3,3,2,5,5,9,16,5,6,6,5,5,8,1,2,1,2
1fdq,4,5,5,4,1,2,3,3,5,4,6,3,7,1,4,12,2,2,9,2
1fh7,4,3,5,6,0,2,4,3,2,6,2,1,2,1,3,2,4,4,6,3
1fh8,4,3,4,6,0,2,4,3,1,6,2,1,2,1,3,2,4,4,6,3
1fh9,4,3,5,7,0,2,4,3,2,6,2,1,2,1,3,2,4,4,7,3
1fhd,4,3,5,7,0,2,4,3,2,6,2,1,3,1,3,3,4,4,7,3
1fiv,1,4,4,3,1,2,1,7,5,7,3,2,1,2,1,2,0,0,3,0
1fj4,12,1,3,4,1,0,2,13,1,3,2,3,5,2,10,7,0,0,5,3
1fjs,4,3,0,4,5,4,4,10,5,1,4,1,5,1,5,4,1,5,4,3
1fkb,1,3,0,3,1,1,4,7,4,4,5,2,4,3,2,2,1,3,5,2
1fkf,3,3,0,4,1,1,4,6,4,3,5,2,4,5,3,2,1,3,5,3
1fkg,3,3,0,3,1,1,4,6,4,3,5,2,4,4,2,2,1,3,5,2
1fkh,3,3,0,3,1,1,4,6,4,3,5,2,4,4,2,2,1,3,5,2
1fki,2,3,0,3,1,1,3,5,4,3,4,2,4,3,2,1,1,3,5,2
1fkn,6,4,3,4,0,4,4,11,7,7,5,2,4,2,10,6,3,9,6,0
1fkw,5,2,0,5,3,1,4,6,5,9,1,3,3,4,4,3,2,3,4,6
1fl3,2,5,1,0,2,4,2,5,3,6,3,1,0,1,4,1,3,6,3,1
1flr,0,3,2,1,0,2,1,2,1,2,1,1,2,1,3,4,4,5,4,2
1fm9,3,4,0,4,1,9,10,6,11,14,7,6,8,4,5,4,0,2,8,3
1fo0,8,12,3,3,2,6,11,7,4,11,4,3,5,0,5,7,5,14,7,1
1fpc,4,4,4,6,5,0,4,10,4,6,3,1,3,2,2,3,3,4,4,1
1fq5,9,2,3,7,0,3,1,11,9,11,2,1,5,3,6,9,2,7,4,1
1ftm,5,4,2,2,1,0,4,9,6,6,3,4,5,2,5,7,2,5,5,0
1fv0,4,1,2,3,7,0,1,5,3,5,4,1,3,2,5,2,1,5,1,1
1fwu,0,2,3,2,0,1,2,3,0,4,2,0,2,0,2,0,3,3,0,1
1fwv,0,2,3,2,0,1,3,3,0,4,2,0,2,0,2,0,3,3,0,1
1fzj,10,7,1,3,2,6,10,7,4,9,4,3,4,1,3,6,5,15,7,1
1fzk,11,8,1,4,2,6,10,6,4,9,4,3,5,0,3,6,5,15,7,1
1fzm,9,9,1,3,2,6,10,7,5,10,4,2,5,1,4,6,5,12,7,1
1fzo,11,9,2,4,2,6,9,7,5,9,4,2,5,1,4,6,5,12,7,1
1fzq,5,1,3,5,1,3,1,4,5,8,4,0,1,0,3,5,1,1,3,0
1g1d,3,2,3,1,1,4,4,3,3,7,1,0,5,3,3,3,6,2,5,7
1g2k,2,2,2,3,0,1,1,7,5,7,1,1,1,3,0,4,0,0,5,0
1g2l,5,2,0,4,5,4,4,9,5,2,5,1,5,0,6,4,1,5,4,3
1g2o,11,1,2,2,0,0,7,13,3,10,0,1,1,3,4,7,1,3,6,4
1g30,4,6,3,6,5,0,4,10,4,5,3,1,3,2,3,3,3,5,4,1
1g32,4,6,3,6,5,0,4,10,4,6,3,1,3,2,2,3,3,5,4,1
1g35,2,2,2,3,0,1,1,7,5,7,1,1,1,3,0,4,0,0,5,0
1g36,6,0,5,3,5,3,0,12,4,2,4,1,2,2,7,3,1,6,4,1
1g3b,4,0,3,3,5,2,0,11,3,2,4,0,2,1,7,1,1,5,4,1
1g3c,5,0,4,3,5,3,0,10,3,2,4,0,2,1,6,2,1,6,4,1
1g3d,5,0,1,3,5,2,0,11,3,2,4,0,2,1,7,2,1,5,4,1
1g3e,5,0,4,3,5,2,0,11,3,2,5,0,2,1,7,2,1,6,4,1
1g45,3,2,3,2,1,4,4,4,3,7,1,0,4,3,3,3,6,2,7,7
1g46,3,2,3,1,1,4,4,5,3,8,1,0,4,3,3,3,6,2,7,7
1g48,3,2,3,2,1,4,4,6,3,7,1,0,4,3,3,3,6,2,7,7
1g4j,3,2,3,1,1,4,4,4,3,8,2,0,4,3,3,3,6,2,7,7
1g4o,3,1,3,1,1,4,4,5,3,7,1,0,4,3,3,3,6,2,6,7
1g52,3,3,3,2,1,4,4,3,3,8,1,0,5,3,3,3,6,2,6,7
1g53,3,2,3,2,1,4,4,5,3,7,1,0,5,3,3,3,6,2,6,7
1g54,3,3,3,1,1,4,4,4,3,8,1,0,5,3,3,3,6,2,6,6
1g7f,2,7,3,3,2,3,1,6,2,6,4,3,2,2,5,3,1,2,4,1
1g7g,2,8,5,3,3,4,1,6,2,6,4,3,3,2,4,3,1,2,4,1
1g7q,8,9,1,2,2,6,11,6,4,10,4,3,4,0,3,5,5,13,7,1
1g7v,7,5,4,7,3,3,3,3,0,5,5,1,5,5,5,1,0,1,4,5
1g85,3,3,4,2,0,1,3,4,5,5,3,0,8,1,2,7,0,5,11,2
1g98,3,2,5,4,0,6,4,10,5,4,4,1,4,1,8,7,2,3,2,1
1g9r,9,2,6,8,1,3,0,3,7,7,2,0,5,5,3,2,1,8,6,4
1ga8,4,3,5,5,1,4,1,2,3,1,1,0,4,2,2,3,1,6,2,2
1gaf,3,2,1,1,1,2,0,3,4,5,2,0,1,1,2,2,2,8,0,1
1gah,2,5,5,8,1,2,4,7,0,6,1,0,3,4,10,5,5,8,4,0
1gai,2,5,5,8,1,2,3,7,0,6,1,0,3,4,10,5,5,8,4,0
1gar,6,3,4,3,0,3,3,7,6,12,1,1,5,3,9,4,0,2,6,3
1gcz,6,1,4,2,1,1,1,4,5,4,2,2,3,3,3,2,1,5,3,1
1ghv,4,2,1,4,5,0,3,10,2,6,3,0,4,0,2,3,2,4,4,1
1ghw,4,1,1,4,5,0,4,11,2,7,3,0,4,0,2,3,3,4,4,1
1ghy,4,2,2,5,5,0,4,11,3,6,3,0,4,2,2,2,4,5,4,1
1ghz,5,0,2,3,5,2,0,11,3,2,4,0,2,1,6,1,1,6,4,1
1gi1,4,0,1,3,5,2,0,11,3,2,4,0,2,1,7,1,2,6,4,2
1gi4,5,0,1,3,5,2,0,10,3,2,5,0,2,1,8,1,1,6,4,2
1gi6,5,0,2,3,5,2,0,10,3,2,5,0,2,1,7,2,1,7,4,2
1gi7,5,1,0,7,5,1,0,8,4,4,3,0,1,1,4,4,2,4,4,2
1gi8,5,1,0,5,5,1,0,9,5,3,2,0,2,1,5,4,2,5,4,2
1gi9,6,1,0,6,5,1,0,9,5,3,2,0,2,1,5,4,1,5,4,2
1gj4,4,3,2,6,5,0,4,11,2,8,3,0,4,3,2,3,3,5,4,1
1gj6,5,0,2,3,5,2,0,12,4,3,5,2,2,2,9,2,1,7,4,2
1gj7,7,2,0,7,5,1,0,9,6,4,3,0,1,2,5,5,2,7,4,2
1gj8,5,2,0,5,5,1,0,9,6,4,2,0,2,3,5,5,1,8,4,2
1gja,6,1,0,6,5,1,0,9,5,4,3,0,2,1,5,5,2,5,4,2
1gjb,7,2,0,5,5,1,0,9,6,3,2,0,2,2,5,6,2,7,4,2
1gjc,7,2,0,5,5,1,0,9,6,3,2,0,2,2,5,6,2,8,4,2
1gjd,6,1,0,6,5,1,1,10,6,4,3,0,2,2,5,6,2,5,4,2
1gni,9,7,0,2,1,2,7,1,2,9,8,1,6,4,2,1,0,5,2,1
1gnm,2,2,2,4,0,1,2,6,5,7,2,1,1,3,0,4,0,0,4,0
1gnn,2,2,3,3,0,1,2,7,5,7,2,1,1,3,0,4,0,0,4,0
1gno,2,2,2,3,0,1,1,6,5,7,2,1,1,3,0,4,0,0,5,0
1gny,4,1,1,6,1,4,3,7,1,2,4,0,2,0,4,1,2,0,4,1
1gpk,2,1,5,3,1,3,6,10,4,4,0,2,7,1,9,1,5,7,6,1
1gpn,3,1,5,3,1,3,6,12,4,3,0,2,8,1,9,1,5,7,5,1
1grp,9,4,5,3,1,2,3,5,6,7,3,2,1,3,4,4,0,2,1,2
1gt1,3,4,3,2,0,1,4,3,5,5,3,0,8,1,3,8,0,5,10,2
1gu1,5,3,6,2,1,4,3,6,5,6,0,0,1,3,5,2,0,4,7,5
1gvw,4,0,2,12,0,4,2,15,10,9,1,0,7,2,14,8,3,5,3,0
1gvx,4,0,2,11,0,4,2,15,9,8,1,0,8,1,14,8,3,4,3,0
1gwv,4,2,1,5,1,5,3,0,2,2,2,0,1,0,2,2,5,7,0,3
1gyx,0,1,1,1,1,4,1,1,7,2,2,1,1,4,6,0,2,1,0,1
1gyy,0,1,1,1,1,4,1,1,8,3,2,1,1,4,6,0,2,1,0,1
1gz3,12,4,6,7,0,3,5,13,5,9,3,1,7,1,2,4,0,2,1,1
1gz4,13,3,6,7,0,3,5,13,5,9,3,0,7,1,3,4,0,1,1,1
1gz9,6,3,3,5,0,2,1,5,1,2,1,0,2,3,3,3,2,2,1,1
1gzc,6,2,1,5,0,2,1,5,1,2,0,0,1,3,3,3,2,2,1,1
1h0a,2,6,4,2,0,1,2,1,1,2,5,3,0,1,4,2,2,1,2,3
1h1d,3,1,2,4,2,0,4,5,1,4,5,4,1,1,1,2,2,6,5,1
1h1h,3,4,5,2,3,3,0,0,3,2,1,2,2,2,0,2,2,2,3,3
1h1p,3,0,2,3,0,2,4,4,3,11,9,0,4,1,0,2,0,2,6,1
1h1s,4,0,2,5,0,2,5,4,3,13,9,1,4,1,0,2,0,2,6,2
1h22,3,2,6,5,1,3,7,12,5,6,0,2,8,4,12,1,5,7,7,1
1h23,3,1,6,4,1,4,7,12,5,6,0,2,8,4,13,1,5,7,6,1
1h2t,1,9,2,5,2,6,2,9,1,5,2,2,4,0,3,2,1,4,3,1
1h46,7,4,4,11,4,2,2,3,3,5,1,3,1,3,5,3,5,4,0,2
1h4w,3,2,2,3,5,1,0,10,2,3,2,0,3,1,5,1,2,3,6,2
1h6h,3,4,0,0,0,3,3,1,1,3,3,1,3,1,2,1,0,3,4,2
1h9z,10,3,1,5,8,2,6,0,3,9,7,0,2,0,6,3,1,2,7,2
1ha2,9,3,1,5,8,2,6,0,3,9,6,0,2,1,5,3,1,2,6,2
1hbv,2,2,2,3,0,1,1,7,5,7,2,1,1,3,0,3,0,0,4,0
1heg,2,2,2,3,0,0,1,7,5,5,1,1,1,3,0,3,0,0,3,0
1hfs,8,2,4,8,0,1,3,7,3,10,0,1,6,4,4,6,2,4,2,7
1hi3,2,3,4,2,4,4,1,0,4,2,4,2,2,2,1,4,2,0,3,3
1hi4,2,3,6,2,3,4,1,0,3,2,4,3,3,3,1,5,2,0,3,3
1hi5,2,3,6,1,3,4,1,0,6,4,2,3,3,2,1,3,2,1,2,3
1hih,2,2,2,3,0,0,1,7,5,6,1,1,1,3,0,3,0,0,5,0
1hii,1,2,2,4,0,0,0,7,8,3,1,1,2,2,1,4,0,0,4,0
1hk4,3,6,2,3,2,3,6,3,1,10,6,0,1,3,5,1,0,1,5,1
1hlk,4,0,5,5,2,1,2,9,5,1,1,2,0,2,3,2,3,0,1,5
1hmr,3,4,2,5,1,2,2,2,4,7,6,2,3,1,4,15,2,2,5,3
1hms,3,4,1,5,1,2,2,2,4,7,6,2,3,1,5,15,2,2,5,3
1hmt,3,4,1,5,1,2,3,2,4,7,6,2,3,1,5,15,2,2,5,3
1hn2,3,4,3,2,0,1,4,3,5,5,4,0,8,1,3,8,0,5,11,2
1hnn,6,2,4,3,1,2,3,8,2,8,2,1,3,5,3,2,3,7,7,1
1hos,2,2,2,3,0,0,1,7,5,7,2,1,1,3,0,4,0,0,5,0
1hp0,8,2,4,7,4,0,2,6,2,6,1,4,4,2,1,5,5,3,5,2
1hpo,2,2,2,3,0,0,1,6,6,4,2,1,1,3,0,3,0,0,4,0
1hps,2,2,2,3,0,0,1,7,5,7,1,1,1,3,0,4,0,0,5,0
1hpv,2,2,2,3,0,0,0,6,5,7,1,1,1,3,0,4,0,0,5,0
1hpx,2,2,2,3,0,1,1,6,5,7,2,1,1,3,0,4,0,0,5,0
1hqg,2,2,2,7,0,2,2,6,3,3,1,1,0,5,3,6,1,1,5,3
1hsh,1,2,3,4,0,0,1,7,8,3,1,1,2,2,1,5,0,0,4,0
1hvh,2,2,2,3,0,1,1,7,5,7,1,1,1,3,0,4,0,0,5,0
1hvi,2,2,2,3,0,1,1,6,5,6,1,1,1,3,0,3,0,0,4,0
1hvj,2,2,2,3,0,1,1,6,5,6,1,1,1,3,0,3,0,0,4,0
1hvk,2,2,2,3,0,1,1,6,5,6,1,1,1,3,0,3,0,0,6,0
1hvl,2,2,2,3,0,1,1,7,5,6,1,1,1,3,0,3,0,0,4,0
1hvr,2,2,2,3,0,1,1,6,5,7,1,1,1,3,0,4,0,0,5,0
1hvs,3,2,2,3,0,1,1,6,5,6,1,1,1,3,0,3,0,0,2,0
1hwr,2,2,2,3,0,0,1,6,5,6,1,1,1,3,0,3,0,0,3,0
1hxb,2,2,2,3,0,0,1,7,5,7,2,1,1,3,0,4,0,0,5,0
1hxw,2,2,2,3,0,2,2,7,5,7,1,1,1,3,0,4,0,0,5,0
1hyo,4,4,2,4,0,4,4,8,2,4,2,6,3,3,7,4,2,5,3,4
1i00,3,5,3,4,1,2,1,8,3,8,4,1,4,4,3,4,3,5,4,3
1i5r,11,7,3,5,4,5,4,13,3,20,4,4,8,3,9,8,0,3,17,4
1i7z,2,1,2,1,1,0,1,2,1,6,1,1,2,3,4,1,3,7,2,1
1i80,6,1,2,2,0,0,3,10,2,9,0,1,1,4,4,6,1,3,5,3
1i9l,3,1,3,1,1,4,4,3,3,7,1,0,4,3,2,3,6,2,5,7
1i9m,3,2,3,0,1,4,4,5,4,8,1,0,4,3,3,3,6,2,8,7
1i9n,3,2,3,0,1,4,4,6,4,8,1,0,4,3,3,3,6,2,6,6
1i9o,3,2,3,1,1,4,4,6,4,9,1,0,5,3,3,3,6,2,6,7
1i9p,3,2,4,2,1,4,4,6,4,8,1,0,4,3,3,3,6,2,6,6
1i9q,3,2,3,1,1,4,4,5,4,8,1,0,4,3,3,3,6,2,6,7
1icj,4,3,0,3,2,3,7,5,8,7,1,2,1,1,2,1,0,1,5,3
1if7,3,1,3,2,1,4,4,3,3,8,1,0,5,3,2,3,6,2,5,6
1if8,3,1,3,2,1,4,4,3,3,7,1,0,5,3,2,3,6,2,5,7
1igb,4,2,2,10,2,1,3,6,3,3,1,2,4,2,5,5,0,3,2,3
1igj,1,0,4,2,1,2,0,2,2,4,2,1,1,2,4,4,3,7,3,2
1ii5,2,4,4,3,0,1,1,5,6,4,0,1,6,5,7,4,1,5,8,0
1iih,8,2,4,0,2,1,3,11,4,5,3,0,3,1,3,2,2,3,5,2
1iiq,2,3,2,3,0,1,1,6,5,7,2,1,1,3,0,4,0,0,5,0
1ik4,6,2,2,5,1,3,0,6,2,10,2,3,2,3,2,3,1,3,5,3
1ikt,3,3,1,4,0,3,3,4,7,9,6,3,6,1,4,3,2,1,6,1
1imx,2,3,0,3,6,1,4,1,1,5,0,1,2,0,1,1,0,0,2,0
1is0,2,6,1,2,2,1,4,3,3,5,5,0,1,0,5,5,0,5,3,3
1iy7,5,4,2,4,0,2,3,7,7,6,1,0,4,1,10,6,4,7,0,2
1izh,2,2,2,3,0,2,1,6,5,7,2,1,1,3,0,4,0,0,5,0
1izi,2,2,2,3,0,1,1,6,4,7,2,1,1,3,0,5,0,0,5,0
1j01,4,3,4,6,0,2,4,3,2,5,2,1,2,2,3,2,4,4,6,3
1j14,3,0,2,4,5,1,0,11,3,3,1,0,2,2,5,1,1,4,6,1
1j16,4,0,2,4,6,1,0,11,3,3,1,0,3,2,4,1,1,3,6,1
1j17,4,1,5,4,5,1,1,11,5,3,1,1,4,2,7,4,1,3,7,1
1j4r,2,3,1,4,1,1,4,7,4,3,5,2,4,4,2,3,1,3,5,2
1jak,3,4,0,7,0,3,5,9,1,7,2,4,1,2,5,5,4,3,4,7
1jao,8,1,4,5,0,0,2,4,1,5,0,1,6,3,2,1,2,4,1,5
1jaq,8,1,5,6,0,1,2,3,1,5,0,1,6,4,3,0,2,4,1,6
1jcx,8,4,4,5,2,5,2,4,7,6,5,1,6,3,8,7,0,1,3,3
1jd5,1,3,2,4,3,4,6,5,0,6,1,1,4,1,3,1,4,3,3,1
1jet,4,5,10,6,2,2,4,3,2,8,3,1,2,4,9,6,2,14,5,3
1jeu,5,5,11,6,2,1,4,3,2,5,4,2,2,4,10,6,2,15,5,4
1jev,5,5,12,6,2,3,4,3,4,8,4,2,3,4,10,7,2,17,5,4
1jfh,4,4,5,4,1,3,2,7,3,3,0,1,1,5,2,1,3,2,6,4
1jgl,4,0,2,1,1,2,0,1,1,5,1,0,2,2,1,3,4,5,1,2
1jlr,5,7,1,1,2,2,7,4,6,5,3,3,5,3,2,4,1,2,4,0
1jmf,6,4,0,3,1,2,1,3,5,6,2,1,5,4,4,5,3,7,4,6
1jmg,5,4,0,3,1,3,2,4,5,5,2,2,5,4,4,4,3,7,4,6
1jmi,5,4,1,3,1,3,2,3,5,6,1,1,4,4,5,4,3,7,5,6
1jn2,2,2,2,5,0,0,0,7,1,3,1,0,1,2,5,3,0,2,1,0
1jn4,6,4,5,2,6,2,4,2,3,1,4,2,3,2,1,4,0,3,7,3
1joc,3,4,3,1,3,1,2,1,1,0,3,0,2,2,4,1,1,0,5,2
1jq8,4,3,0,4,9,0,3,7,3,4,5,1,3,2,5,2,1,7,1,1
1jq9,3,2,1,4,7,0,4,7,3,4,6,1,3,2,5,2,1,6,1,1
1jqd,3,0,0,3,1,6,6,4,8,8,3,4,5,1,4,2,1,5,4,3
1jqe,2,2,2,4,2,4,5,6,4,8,2,3,5,2,7,5,3,4,4,0
1jqy,5,2,4,1,2,4,4,2,3,1,3,2,0,3,5,2,1,1,3,1
1jt1,3,0,4,4,1,1,2,5,4,4,1,1,3,1,3,4,0,5,1,5
1jwt,4,5,3,6,5,0,4,12,4,5,3,1,3,3,2,4,3,5,4,1
1jyq,3,4,1,2,0,3,3,3,3,5,4,0,5,2,6,0,1,1,6,2
1jys,8,1,1,5,0,0,2,7,5,4,1,2,3,1,3,1,0,0,4,1
1jzs,6,6,3,6,1,3,4,9,5,5,5,2,3,6,5,4,5,6,5,4
1k1i,5,0,5,3,5,3,0,11,3,2,5,0,2,1,7,2,1,6,4,1
1k1j,5,0,5,3,5,3,0,12,3,2,4,1,2,1,7,2,1,6,4,1
1k1l,5,0,5,3,5,3,0,12,4,2,4,1,2,1,7,2,1,6,4,1
1k1m,5,0,5,3,5,3,0,12,3,2,4,1,2,1,7,2,1,6,4,1
1k1n,5,0,5,3,5,3,0,12,4,2,4,1,2,1,7,3,1,6,4,1
1k1y,2,3,3,6,1,2,7,7,4,7,3,1,6,3,4,2,6,6,8,5
1k21,4,4,3,6,5,0,4,11,4,5,3,1,3,2,2,5,3,4,4,1
1k22,4,5,3,7,5,0,4,10,4,5,3,1,3,2,3,5,3,5,4,1
1k4g,3,2,1,3,2,4,2,12,2,7,1,6,4,3,6,5,1,4,7,1
1k4h,4,1,1,4,2,4,2,12,2,8,1,7,3,2,7,5,1,4,7,1
1k9s,5,6,0,4,3,2,4,8,7,4,0,6,4,4,6,5,0,2,5,4
1kav,1,7,3,2,3,3,1,6,2,4,4,2,2,1,4,3,1,2,3,1
1kc7,1,5,2,3,3,1,3,6,4,5,0,4,2,3,3,7,0,1,3,2
1kdk,2,2,2,5,0,3,3,3,4,10,4,4,5,2,6,4,3,1,4,3
1kel,1,3,3,1,0,1,2,4,3,2,1,1,3,1,2,4,2,5,3,2
1kjr,2,5,7,2,1,1,3,3,4,2,1,0,3,2,1,1,1,2,4,1
1kll,3,3,0,2,0,0,2,1,2,2,0,0,1,1,3,3,2,1,5,1
1kmy,6,5,1,4,1,0,3,3,3,4,1,5,5,2,6,3,1,3,5,9
1koj,3,2,6,4,0,6,4,10,5,4,4,1,4,1,8,7,2,3,4,2
1kpm,5,3,1,3,8,0,3,7,3,4,5,1,3,2,5,2,1,7,1,1
1ksn,4,3,0,4,5,4,4,11,5,1,5,1,5,0,5,5,1,4,4,3
1kv1,6,4,2,5,1,1,2,7,6,13,7,2,2,0,4,2,1,5,8,5
1kv5,8,2,4,0,2,1,3,10,4,5,3,0,3,1,3,2,2,3,5,1
1kyv,5,2,4,1,0,2,4,9,6,9,1,3,1,3,4,2,3,2,8,4
1kzk,2,3,2,3,0,1,1,7,5,7,1,1,1,3,0,4,0,0,5,0
1kzn,6,3,2,4,1,2,6,6,7,3,1,3,2,1,3,5,0,0,15,2
1l2s,6,3,4,3,0,1,3,8,1,5,3,0,1,3,7,4,0,5,6,1
1l6m,2,2,0,1,0,1,0,1,4,5,4,1,5,0,2,3,2,7,5,0
1l83,7,4,3,2,0,3,1,4,2,6,3,3,3,1,2,2,2,1,6,0
1laf,10,2,1,8,0,4,2,6,8,5,1,0,5,1,8,6,1,6,3,0
1lag,8,2,1,8,0,4,2,6,6,4,1,0,4,0,7,6,0,6,2,0
1lah,9,2,1,8,0,4,2,6,6,4,1,0,4,1,8,6,0,6,2,0
1lbf,2,3,4,3,0,1,8,4,10,11,5,2,4,1,8,2,1,3,3,0
1lee,2,1,4,6,1,2,1,10,10,9,2,4,7,3,7,7,3,4,5,0
1lf2,2,1,4,6,1,1,1,10,10,9,2,4,7,3,7,7,3,4,7,0
1lf9,7,5,4,5,0,5,7,12,5,6,0,0,0,3,7,4,6,7,2,4
1lgt,6,4,1,4,1,0,3,4,3,4,2,5,5,3,6,3,2,3,5,9
1lgw,6,5,3,2,1,4,1,4,3,6,3,2,3,1,2,3,2,1,6,0
1li2,6,5,3,2,1,4,1,4,3,6,3,2,3,1,2,2,2,1,5,0
1li3,6,5,3,2,1,4,1,4,3,6,3,2,3,1,2,2,2,1,6,0
1li6,6,4,3,2,1,3,1,4,2,6,2,2,3,1,2,2,2,1,6,0
1lke,4,1,1,2,2,2,3,6,6,2,5,1,3,0,6,5,4,9,8,3
1lkk,3,4,1,4,1,1,3,2,4,6,4,0,3,1,8,3,0,3,3,2
1lkl,3,4,1,4,1,1,3,2,4,4,4,0,3,1,8,2,0,3,3,2
1lnm,4,1,1,2,2,2,3,6,6,2,5,1,2,0,6,5,4,9,8,2
1lol,5,2,1,4,0,0,3,5,11,7,3,2,1,6,5,3,0,2,3,2
1loq,5,2,0,2,0,1,2,9,10,9,2,2,2,4,4,2,0,3,7,2
1lor,6,2,1,3,0,1,4,9,13,9,3,2,2,6,5,3,0,3,7,2
1lox,3,3,3,3,1,7,4,6,6,11,0,3,5,2,8,4,3,1,6,6
1lpg,4,3,0,4,5,3,4,10,5,1,4,1,5,0,5,5,1,5,4,3
1lpk,4,3,0,4,5,4,4,11,5,1,5,1,5,0,5,5,1,4,4,3
1lpz,4,3,0,4,5,4,4,10,5,1,5,1,5,0,6,5,1,4,4,3
1lrh,1,2,2,1,1,3,4,2,8,7,2,1,5,3,7,4,3,2,5,4
1lrt,2,5,6,5,5,6,5,17,11,2,5,2,4,2,13,4,3,1,4,0
1lyb,6,3,1,7,1,4,1,12,10,8,2,6,4,4,9,4,3,7,7,1
1lyx,5,2,5,0,2,1,2,7,4,5,3,0,5,1,2,3,2,2,5,1
1lzq,4,4,4,6,0,1,2,13,8,12,4,2,2,6,0,10,0,0,10,0
1m0n,13,2,2,2,0,4,5,11,5,11,1,3,3,2,11,9,1,3,2,3
1m0o,12,2,2,2,0,4,5,9,6,11,1,3,3,2,10,9,1,3,2,3
1m0q,13,3,2,2,0,4,5,10,7,11,1,2,3,2,11,9,1,3,2,3
1m13,5,5,3,3,4,5,5,2,5,16,4,5,10,6,6,5,1,4,3,4
1m1b,4,3,4,3,1,3,3,2,4,7,6,2,1,1,6,3,2,2,5,4
1m2p,1,3,4,4,1,0,4,4,8,7,8,1,3,1,3,1,1,2,5,2
1m2q,1,3,4,3,1,0,4,4,8,8,9,1,3,1,3,1,1,2,6,2
1m2r,0,3,4,4,1,0,4,4,7,7,5,1,3,1,1,1,1,2,5,3
1m2x,4,1,5,5,2,0,3,7,4,2,2,0,1,2,1,2,2,2,0,4
1m48,2,1,2,0,1,1,6,0,2,7,4,2,3,2,0,4,1,3,1,0
1m4h,5,5,4,6,0,4,6,12,7,8,5,2,4,4,11,6,3,7,7,0
1m5w,5,6,5,3,3,0,7,8,9,8,1,1,1,1,1,5,0,1,4,6
1m6p,0,4,2,2,2,3,5,3,1,2,3,1,2,1,3,1,0,4,3,1
1m7d,3,2,2,2,0,2,2,3,2,5,1,1,1,1,2,5,2,5,4,4
1m7i,3,2,2,3,0,2,2,3,1,5,3,1,1,1,4,5,2,5,4,4
1m7y,7,3,6,5,2,4,4,9,3,10,1,2,7,5,10,5,1,7,5,0
1m83,5,3,5,4,1,7,2,6,12,6,8,3,3,5,5,5,1,4,6,2
1m9n,6,4,1,2,2,0,3,6,4,10,4,1,1,3,4,5,0,3,10,3
1mai,0,6,1,1,0,3,2,0,1,5,3,1,4,0,5,1,2,1,2,0
1me7,4,4,1,5,3,3,4,14,9,1,2,3,4,0,11,1,1,3,7,2
1me8,4,4,2,5,2,4,3,14,10,1,2,3,4,0,11,1,1,3,8,2
1mes,1,2,2,3,0,0,1,6,4,7,1,1,1,3,0,4,0,0,6,0
1met,1,2,2,3,0,1,1,6,5,7,1,1,2,3,0,4,0,0,4,0
1meu,2,2,2,3,0,0,2,6,4,7,1,1,2,3,0,4,0,0,5,0
1mfa,4,1,8,2,0,0,0,8,4,2,0,1,1,0,3,4,5,5,0,4
1mfd,4,1,8,2,1,0,0,7,4,2,0,1,1,1,2,4,5,5,0,4
1mfi,6,1,4,2,1,1,0,3,5,3,2,2,3,2,4,2,1,5,3,1
1mh5,0,2,4,1,1,2,1,4,3,9,2,0,3,3,2,3,2,7,3,2
1mhw,9,0,4,5,3,3,3,11,3,3,2,2,4,0,9,1,3,2,3,2
1mj7,0,1,5,0,1,2,1,2,2,8,2,1,4,4,4,3,2,6,1,2
1mjj,0,1,2,0,1,2,1,2,3,9,2,0,4,4,3,3,2,8,1,3
1mmp,7,1,3,3,0,0,2,7,1,3,0,2,6,4,2,3,1,3,1,5
1mmq,7,1,3,3,0,0,2,7,1,4,0,2,6,5,2,3,1,4,1,5
1mmr,7,1,3,3,0,0,2,7,1,3,0,2,6,5,2,3,2,4,1,5
1moq,8,1,3,2,2,4,6,6,4,8,4,1,1,2,9,7,0,2,5,1
1mq5,4,3,0,4,5,3,4,11,6,1,3,1,4,2,6,5,1,5,4,3
1mq6,4,3,0,4,5,3,4,11,6,1,3,1,4,1,5,5,1,4,4,3
1mrn,19,14,2,7,0,4,5,7,2,8,1,1,2,2,5,3,2,6,5,2
1mrs,17,9,2,6,0,2,4,4,1,7,1,1,2,1,5,2,2,6,4,1
1mrw,2,2,2,3,0,1,0,7,6,6,2,1,1,3,0,4,0,0,5,0
1mrx,2,2,2,3,0,1,1,7,5,6,2,1,2,3,0,4,0,0,5,0
1msm,2,3,2,3,0,1,0,7,6,6,2,1,1,3,0,4,0,0,5,0
1msn,2,2,2,3,0,1,1,7,5,6,1,1,2,3,0,4,0,0,5,0
1mtr,2,2,2,3,0,0,1,7,6,5,2,1,1,3,0,4,0,0,4,0
1mu6,4,5,3,6,5,0,4,10,4,6,3,1,3,2,3,3,3,4,4,1
1mu8,4,5,3,6,5,0,4,11,4,5,3,1,3,3,3,4,3,4,4,1
1mue,4,5,3,6,5,0,4,10,4,5,3,1,3,2,3,3,3,4,4,1
1n1m,2,5,1,3,1,3,4,5,0,1,0,0,2,2,5,1,4,9,7,4
1n1t,3,9,4,6,2,5,4,7,3,0,1,2,5,3,8,3,3,2,6,1
1n2v,3,2,1,3,2,4,2,10,1,7,1,5,3,1,7,4,1,3,7,1
1n3i,11,1,2,2,0,0,7,13,3,10,0,1,1,4,4,7,1,3,7,4
1n46,10,5,3,3,4,3,3,7,6,13,3,4,8,2,4,6,1,1,9,4
1n4h,7,2,3,3,5,6,7,5,5,11,4,4,6,0,3,4,1,5,8,4
1n4k,2,7,2,1,0,4,4,1,0,2,5,1,2,1,5,5,0,2,1,0
1n51,4,6,2,7,2,1,4,6,8,6,1,1,3,3,5,8,2,6,4,5
1n5r,0,4,1,3,0,4,2,4,2,6,0,0,3,3,3,2,1,5,5,2
1n8v,3,3,5,3,4,1,10,2,5,8,6,1,0,1,1,3,1,5,4,2
1nc1,13,2,2,6,0,3,5,12,8,5,2,2,4,1,6,3,0,1,8,2
1nc3,14,2,2,6,0,3,5,12,8,5,2,2,4,1,6,3,0,1,8,2
1ndv,5,2,0,8,3,1,2,8,3,9,2,3,3,4,3,4,4,4,2,6
1ndw,4,2,1,7,3,1,2,3,5,8,1,3,3,5,3,3,2,4,3,6
1ndy,5,2,0,7,3,1,2,3,5,8,1,3,3,5,3,4,2,3,3,6
1ndz,5,2,0,8,3,1,2,7,6,10,2,3,3,5,3,4,4,4,3,7
1nf8,5,6,0,3,1,3,0,7,4,5,2,4,5,4,6,2,2,5,5,2
1nfu,4,2,0,4,6,3,4,11,6,1,3,1,4,2,6,5,1,4,4,3
1nfw,4,2,0,4,5,3,4,11,6,1,3,1,4,1,5,5,1,4,4,3
1nfx,4,2,0,4,5,3,4,11,6,1,3,1,4,1,5,5,1,4,4,3
1nfy,4,2,0,4,5,3,4,11,6,1,3,1,4,2,5,5,1,4,4,3
1nh0,2,3,2,3,0,1,1,7,5,7,3,1,1,3,0,4,0,0,5,0
1nhu,7,7,2,1,0,0,1,1,2,6,2,2,2,4,5,2,3,4,4,3
1nja,4,4,0,3,2,3,2,3,4,5,1,1,4,5,4,4,3,6,6,6
1njc,5,4,0,4,1,2,2,3,5,6,1,1,4,4,4,5,3,7,5,5
1njd,5,4,1,4,1,3,2,3,5,6,1,1,4,4,4,4,3,7,5,6
1nje,5,4,2,3,1,3,2,3,5,6,1,1,4,5,3,4,3,6,5,6
1njj,5,4,1,4,1,1,3,2,0,6,4,2,3,5,1,3,1,2,4,0
1njs,4,2,5,3,2,3,3,6,4,5,5,2,6,2,6,1,1,0,6,4
1nl9,3,7,3,4,3,3,1,6,2,5,3,3,5,3,5,4,1,3,4,1
1nli,7,3,4,1,0,2,2,2,7,8,0,2,2,0,6,2,1,4,4,0
1nm6,4,5,3,6,5,0,4,10,4,5,3,1,3,2,2,4,3,4,3,1
1nny,3,7,3,5,3,4,2,6,4,7,4,3,6,4,5,4,1,2,3,2
1no6,2,7,3,3,2,3,1,6,2,5,2,1,3,2,4,4,1,2,3,1
1nq7,7,2,3,3,5,6,8,6,5,11,3,4,7,0,3,6,1,5,8,4
1nt1,4,4,3,6,5,0,4,11,4,5,3,1,3,3,3,4,3,4,4,1
1nu3,5,5,3,5,0,2,5,3,2,11,0,0,6,2,3,4,1,3,7,0
1nvq,5,1,4,4,1,2,7,6,5,10,4,0,4,1,2,2,0,4,6,1
1nvr,5,1,3,4,1,2,7,6,5,10,4,0,4,1,2,2,0,3,6,1
1nvs,4,1,3,4,1,2,7,7,4,9,4,0,4,1,2,1,0,3,6,1
1nw4,4,5,3,5,4,1,5,8,2,7,2,3,3,3,8,1,1,3,8,2
1nw5,8,3,1,7,4,2,3,5,4,6,2,1,4,5,1,4,3,4,6,2
1nw7,5,2,1,8,4,2,2,6,4,3,2,1,4,4,2,3,3,3,4,2
1nwl,3,7,5,3,2,3,1,6,2,7,4,2,4,3,5,3,1,2,3,1
1nz7,3,7,3,5,3,4,2,6,3,6,5,2,5,4,5,4,1,2,4,2
1o0f,6,2,4,1,3,2,3,2,1,1,3,2,3,2,0,3,0,2,6,2
1o0h,6,3,5,1,3,2,3,2,1,1,3,2,3,2,0,3,0,2,6,2
1o0m,5,3,3,2,5,1,4,0,3,1,4,2,3,2,1,3,0,1,5,3
1o0n,4,3,3,2,3,1,3,0,3,1,4,2,3,2,1,3,0,1,5,3
1o0o,5,2,3,2,4,2,2,1,1,1,3,2,3,2,1,3,0,0,4,2
1o2g,4,2,2,5,5,0,4,11,2,9,3,0,4,2,2,3,3,4,4,1
1o2h,5,0,3,3,5,2,0,11,4,3,5,1,2,1,10,2,1,7,4,2
1o2j,5,0,3,3,5,2,0,10,4,3,5,1,2,1,9,2,1,7,4,2
1o2k,5,0,3,3,5,2,0,10,4,3,5,1,2,1,9,2,1,7,4,2
1o2n,5,0,2,3,5,2,0,12,4,3,5,1,2,2,8,2,1,7,4,2
1o2o,5,0,2,3,5,2,0,12,4,3,5,1,2,2,8,2,1,7,4,2
1o2q,5,0,3,3,5,2,0,12,4,3,5,2,2,2,8,2,1,7,4,2
1o2s,5,0,2,3,5,2,0,10,3,2,5,0,2,1,7,2,1,6,4,2
1o2w,5,0,2,3,5,2,0,11,3,3,5,0,2,1,8,2,1,7,4,2
1o2x,5,0,2,3,5,2,0,11,3,3,5,0,2,1,8,2,1,7,4,2
1o2z,5,0,4,3,5,2,0,12,4,3,5,1,2,1,9,2,1,7,4,2
1o30,5,0,2,3,5,2,0,12,4,3,5,1,2,1,9,2,2,7,4,2
1o33,5,0,2,3,5,2,0,10,3,2,5,0,2,1,7,2,1,6,4,2
1o36,5,0,3,3,5,2,0,12,4,3,5,1,2,1,10,2,2,7,4,2
1o38,5,0,2,3,5,2,0,11,4,3,5,1,2,1,9,2,1,7,4,2
1o3d,5,0,2,3,5,2,0,11,4,3,5,1,2,1,9,2,1,7,4,2
1o3f,5,0,2,3,5,2,0,10,4,3,5,1,2,1,10,2,1,7,4,2
1o3h,5,0,2,3,5,2,0,11,3,2,5,0,2,1,7,2,1,7,4,2
1o3i,5,0,2,3,5,2,0,11,3,2,5,0,2,1,7,2,1,7,4,2
1o3j,5,0,2,3,5,2,0,10,3,3,5,0,2,1,7,2,1,7,4,2
1o3k,5,0,2,3,5,2,0,11,3,2,5,0,2,1,7,2,1,7,4,2
1o3p,6,2,0,5,5,1,0,9,6,3,2,0,2,2,5,6,2,8,4,3
1o7o,4,5,3,7,1,6,3,1,6,1,3,5,3,1,2,2,4,5,7,3
1o86,6,4,6,4,2,3,6,3,6,3,3,2,7,4,6,4,3,5,6,6
1o8b,8,2,0,5,1,1,2,9,5,5,5,0,4,2,5,4,0,1,4,1
1o9d,5,6,5,4,1,1,2,3,6,9,3,2,4,2,6,3,2,6,2,2
1oai,4,1,3,2,1,3,3,2,1,3,3,1,3,1,3,2,2,0,1,1
1oar,2,2,4,2,1,0,0,3,2,2,1,2,1,0,2,5,6,6,2,1
1oba,2,0,1,3,0,0,2,2,1,2,4,3,1,0,1,1,3,4,1,0
1obx,3,0,2,3,0,1,0,4,8,2,5,1,2,0,7,4,0,0,4,2
1ocq,8,1,3,4,0,2,4,7,1,3,1,1,2,1,11,6,5,3,0,4
1od8,5,4,5,5,0,3,4,4,2,3,2,1,1,0,6,5,3,3,3,3
1odj,14,6,1,4,0,1,5,7,5,7,0,2,2,6,5,6,0,1,6,2
1ody,2,2,2,3,0,1,0,6,5,6,2,1,1,3,0,3,0,0,3,0
1oe8,5,4,1,2,0,1,6,5,8,6,5,2,2,4,3,1,1,4,3,2
1ofz,2,4,1,1,0,6,1,6,6,0,2,0,0,0,3,2,4,2,5,0
1ogg,6,3,5,7,1,3,2,9,8,4,1,3,7,5,5,5,4,10,6,1
1ogx,4,4,3,3,2,2,4,5,6,5,1,5,3,2,2,1,2,4,7,0
1ohr,2,2,2,3,0,0,1,7,5,7,2,1,1,3,0,4,0,0,5,0
1oif,5,3,6,2,0,1,4,3,1,4,1,1,4,1,4,4,5,6,4,2
1okl,3,3,4,1,1,3,4,4,3,9,0,0,5,3,3,3,5,3,5,6
1oko,3,0,4,3,2,2,2,5,1,1,0,0,1,3,2,2,1,3,1,1
1ols,9,5,4,5,2,6,7,9,8,2,0,2,7,4,6,7,0,9,3,4
1olu,8,4,4,4,2,7,7,8,7,2,0,2,7,5,5,7,0,8,2,2
1olx,9,5,3,5,2,7,6,9,8,2,0,2,7,4,7,8,0,9,2,4
1om1,1,3,4,5,1,0,4,4,7,8,10,1,3,1,2,1,1,2,5,3
1ony,3,7,3,4,3,3,1,7,2,5,4,2,4,3,5,3,1,2,4,1
1onz,2,7,2,3,2,3,1,7,2,5,2,3,3,2,4,4,1,3,4,1
1ork,12,6,2,6,0,5,7,4,3,16,1,3,5,2,5,5,1,3,5,5
1os0,5,1,7,8,0,2,6,10,6,3,0,1,3,1,5,4,1,6,5,3
1os5,8,6,2,1,1,0,1,2,2,6,3,2,2,5,6,3,3,4,5,4
1oss,5,3,0,3,6,2,1,15,2,0,0,1,0,3,2,1,1,5,7,1
1ow4,7,3,6,6,2,1,0,3,3,9,5,4,3,2,4,5,0,4,7,0
1owd,6,2,1,7,5,1,0,8,5,4,3,0,1,1,5,5,2,7,4,3
1owe,6,2,0,7,5,2,0,8,5,4,3,0,1,1,5,6,2,6,4,3
1owh,6,2,0,7,5,2,0,8,5,4,3,0,1,1,5,5,2,6,4,3
1oyq,6,0,6,3,5,3,0,12,4,2,4,1,2,2,7,3,1,6,4,1
1oyt,4,6,3,6,5,0,4,10,4,6,3,1,4,2,2,3,3,5,4,1
1oz0,9,7,5,10,3,5,2,7,4,4,5,2,8,4,13,3,0,2,7,5
1p19,2,5,2,6,0,1,2,5,4,9,2,0,3,1,4,4,0,4,10,0
1p1n,3,4,2,2,0,0,5,8,3,6,3,3,5,1,5,8,1,4,4,0
1p1o,5,4,2,2,0,0,4,9,6,4,3,4,5,1,5,8,2,5,4,0
1p1q,5,4,2,2,1,0,4,9,6,5,3,4,5,2,5,8,2,5,5,0
1p28,6,3,6,2,2,0,0,2,3,8,5,3,2,2,3,4,0,3,5,0
1pa9,5,7,2,2,2,6,1,3,3,2,1,2,2,1,1,2,1,1,4,1
1pb8,3,2,2,2,1,4,1,7,6,3,3,2,9,1,5,4,2,1,3,1
1pb9,3,1,2,2,1,3,2,7,7,3,3,2,8,1,5,4,2,2,4,1
1pbk,5,1,1,3,1,1,4,6,4,5,5,0,3,3,1,4,3,2,7,0
1pbq,4,1,2,2,1,4,2,7,7,3,3,2,8,2,5,5,2,2,6,1
1pdz,5,4,4,6,0,2,7,5,1,2,3,2,0,1,6,3,0,0,4,2
1pfu,5,0,2,4,2,0,1,6,6,2,1,2,3,2,2,2,3,6,2,8
1pgp,4,3,3,2,1,4,2,14,4,3,4,5,2,1,4,3,2,2,4,3
1pkx,6,4,1,3,2,1,2,6,3,9,4,1,3,3,4,5,0,3,10,3
1pme,4,1,3,5,2,0,1,5,10,11,5,2,3,1,3,3,0,6,5,2
1pot,4,1,8,4,0,2,5,3,4,0,0,4,2,3,5,6,5,7,5,0
1ppc,5,0,5,3,5,3,0,12,4,2,4,1,2,1,6,3,1,6,4,1
1pph,5,0,5,3,5,3,0,10,3,2,4,1,2,1,7,2,1,6,4,1
1ppi,6,6,7,6,1,5,5,9,5,4,2,2,3,5,4,1,3,3,7,5
1ppk,7,0,7,8,1,4,2,14,8,10,1,0,6,1,11,6,2,5,1,0
1ppl,7,0,7,7,1,4,2,17,8,10,1,0,6,1,10,7,2,5,1,0
1ppm,6,0,7,10,1,3,2,17,8,10,1,0,6,1,11,6,2,4,1,0
1pr1,4,5,0,4,3,0,3,8,6,3,0,5,3,4,6,3,0,2,5,3
1pr5,4,4,0,4,3,0,3,8,7,4,0,5,3,4,6,3,0,2,5,3
1pro,2,2,2,3,0,0,1,6,5,7,1,1,1,3,0,4,0,0,4,0
1ps3,2,6,1,10,0,2,2,7,3,2,1,1,2,3,2,2,3,8,0,4
1pu7,8,1,3,1,0,2,4,2,2,8,3,0,2,2,3,2,3,2,5,1
1pu8,7,1,3,1,0,2,4,2,2,7,3,0,2,2,3,2,3,2,5,1
1pvn,4,6,2,5,3,4,5,15,10,2,2,3,5,0,11,2,2,4,7,2
1px4,4,5,5,9,2,4,6,5,0,0,1,5,3,1,6,2,2,3,4,4
1pxn,3,1,2,4,0,2,5,3,4,12,9,1,4,1,0,2,0,2,7,2
1pxo,3,1,2,5,0,2,4,4,4,13,9,0,4,1,0,1,0,2,6,2
1pxp,4,1,2,4,0,2,4,3,4,13,9,1,4,1,0,1,0,3,7,2
1pyn,3,7,3,5,3,4,2,6,3,7,4,3,6,3,6,3,1,2,4,2
1pz5,3,2,2,3,0,2,2,3,1,4,3,1,1,1,3,5,1,5,3,4
1pzi,4,2,4,1,2,4,3,2,3,1,3,1,0,2,4,2,1,1,3,1
1pzo,6,5,3,4,0,1,4,7,8,3,3,4,1,2,4,5,0,3,4,0
1pzp,7,4,1,2,0,1,2,5,9,6,3,0,1,2,3,1,2,2,4,1
1q1g,5,5,2,5,4,1,6,8,2,7,2,2,3,3,8,1,1,3,8,2
1q54,7,6,3,2,2,2,6,2,2,2,3,2,4,4,5,4,4,4,9,4
1q63,3,3,1,3,2,4,2,11,2,7,1,7,4,3,8,5,1,4,7,1
1q65,3,2,1,3,2,4,2,11,1,7,0,6,3,2,8,5,1,4,7,1
1q66,5,1,1,3,2,4,2,12,3,9,1,7,3,2,8,6,1,4,7,1
1q7a,3,0,2,3,8,0,2,5,3,5,3,1,3,2,5,1,1,5,1,1
1q84,4,5,2,3,0,5,8,13,4,5,1,2,5,6,6,3,5,9,11,3
1q8t,2,3,3,5,0,2,5,7,3,9,4,5,5,2,2,5,0,4,6,2
1q8u,2,3,3,5,0,2,5,7,2,8,4,5,4,2,3,5,0,4,6,1
1q8w,2,3,3,5,0,2,5,7,2,8,4,5,4,2,2,5,0,4,6,1
1q91,3,5,1,7,3,1,3,4,4,4,4,2,7,3,5,3,2,1,2,1
1q95,3,8,3,4,0,4,5,7,1,5,3,2,3,4,5,8,0,4,5,4
1qan,1,0,5,3,1,2,3,4,12,5,6,0,6,3,5,5,0,3,2,3
1qaw,3,3,1,2,0,1,2,2,4,3,2,0,3,0,3,4,0,0,4,3
1qb1,5,0,6,3,5,3,0,13,4,2,4,1,2,2,7,4,1,5,4,1
1qb6,5,0,5,3,5,3,0,13,4,2,4,1,2,2,7,4,1,5,4,1
1qb9,5,0,5,3,5,3,0,12,4,2,5,1,2,2,7,3,1,6,4,1
1qbn,5,0,5,3,5,3,0,13,4,2,4,1,2,2,6,4,1,5,4,1
1qbo,4,0,6,3,5,3,0,12,4,2,4,1,2,2,6,3,1,5,4,1
1qbq,9,1,5,3,4,4,1,7,1,2,5,2,2,2,4,2,5,9,4,5
1qbr,2,2,2,3,0,1,1,7,5,7,2,1,1,3,0,4,0,0,4,0
1qbs,1,2,2,3,0,0,1,6,5,7,1,1,1,3,0,4,0,0,5,0
1qbt,2,2,2,3,0,1,1,6,5,7,2,1,1,4,0,4,0,0,4,0
1qbu,2,2,2,3,0,1,1,6,5,7,2,1,1,3,0,4,0,0,3,0
1qbv,4,4,3,6,5,0,4,10,4,5,3,1,3,2,2,3,3,5,4,1
1qca,6,3,4,3,4,2,2,3,3,6,1,2,12,6,5,4,2,3,5,5
1qf0,5,1,7,9,0,3,6,10,6,4,0,2,3,1,6,5,1,6,5,3
1qf1,5,1,7,8,0,1,6,8,6,3,0,2,3,1,6,5,1,5,5,3
1qf2,4,1,7,6,0,2,5,10,5,3,0,0,2,1,4,5,1,6,5,3
1qft,3,2,3,4,0,1,7,5,1,2,2,1,5,2,0,6,2,4,7,0
1qhc,6,3,4,2,5,2,4,2,3,1,5,2,3,2,1,5,0,3,7,3
1qi0,5,1,3,3,0,2,3,6,1,3,1,1,1,0,9,4,4,3,0,4
1qin,5,2,5,5,1,4,2,6,6,9,9,5,5,2,3,5,2,3,3,2
1qiw,7,5,1,5,0,3,13,1,5,8,4,8,8,0,3,3,0,2,6,1
1qji,4,1,2,4,2,3,2,8,8,4,2,3,4,1,10,5,2,8,3,5
1qka,6,5,12,6,2,3,4,4,5,9,4,2,3,4,12,7,2,15,5,4
1qkb,5,5,11,6,2,2,4,3,2,7,3,1,2,4,9,6,2,16,5,3
1qpb,1,0,4,1,0,1,4,8,3,6,1,0,5,1,4,7,1,1,2,3
1qq9,4,2,3,7,1,0,4,13,2,4,0,1,3,0,7,2,1,4,1,3
1qsc,3,3,4,3,2,2,0,5,3,4,1,0,7,3,6,3,0,1,4,0
1qxk,4,7,3,5,3,4,2,6,3,7,4,2,5,3,6,3,1,2,3,2
1qy1,3,1,3,1,0,2,3,4,7,11,3,3,7,1,4,5,1,3,3,3
1qy2,3,1,3,1,0,2,2,4,7,11,2,3,7,1,4,5,1,3,3,4
1qy5,4,1,3,3,0,1,4,8,7,7,5,3,4,0,6,10,1,1,8,1
1r0p,4,4,2,5,3,0,3,6,1,9,4,4,4,1,2,0,0,3,6,4
1r0x,1,2,1,1,1,2,5,6,2,12,2,1,5,1,11,5,1,0,2,2
1r1h,5,4,8,4,2,3,2,11,9,5,0,1,10,3,5,4,1,5,6,3
1r1j,4,4,8,4,1,3,2,10,9,4,0,1,6,3,5,4,1,4,6,3
1r4w,3,1,1,2,0,1,2,6,3,11,2,4,7,5,4,3,3,3,4,1
1r5y,3,1,1,3,2,4,2,11,1,6,0,6,3,1,7,3,1,4,7,0
1r6n,1,1,2,2,1,3,4,2,5,7,4,3,1,0,3,3,4,2,1,3
1r9l,5,0,6,2,2,4,3,5,3,1,0,2,1,3,2,7,4,6,2,2
1rbo,3,1,2,4,1,1,2,10,4,5,4,2,5,2,2,4,1,3,6,7
1rbp,8,3,4,6,1,3,2,6,3,5,6,4,7,1,5,3,4,4,7,1
1rd4,3,1,1,6,0,2,2,2,12,10,9,2,8,1,3,4,0,3,5,1
1rdi,0,0,5,2,2,0,3,3,0,1,0,0,1,2,1,0,2,0,5,0
1rdj,0,0,5,2,2,0,3,3,0,1,0,0,1,2,1,0,2,0,5,0
1rdl,0,0,5,2,2,0,3,3,0,1,0,0,1,2,1,0,2,0,5,0
1rdn,0,0,5,2,2,0,3,3,0,1,0,0,2,2,3,0,2,0,5,0
1rdt,7,4,2,3,2,2,3,6,5,16,3,1,6,2,6,4,1,0,6,5
1re8,3,2,3,6,1,3,6,8,3,12,8,5,7,2,2,6,0,5,7,2
1rej,2,1,2,6,0,3,5,7,2,11,6,5,5,1,2,6,0,5,7,2
1rek,3,3,2,6,1,3,6,7,4,12,9,5,7,1,2,5,0,5,8,3
1rgk,2,1,5,1,0,1,1,5,2,1,1,0,1,3,4,2,1,5,4,2
1rgl,2,1,5,1,0,1,1,5,2,1,1,0,1,3,4,2,1,5,4,2
1rle,2,4,6,3,0,0,2,4,5,6,3,2,0,0,1,1,0,1,4,0
1rnt,2,1,5,1,0,0,2,4,2,0,1,0,3,3,4,1,1,6,4,2
1ro6,6,2,4,7,2,2,4,2,3,6,3,3,4,2,5,3,2,5,9,7
1ro7,3,2,9,3,3,4,1,6,6,11,4,0,10,3,10,3,0,8,1,2
1rp7,6,6,3,5,1,7,8,11,9,8,2,4,4,5,8,5,0,6,3,4
1rpj,7,2,6,8,1,2,4,7,3,4,3,3,4,3,7,6,2,1,5,0
1rql,4,2,0,4,1,0,2,7,2,6,2,5,4,3,4,7,1,4,5,1
1rzx,2,2,2,4,0,1,1,5,4,7,2,2,2,2,4,3,0,1,6,0
1s38,3,2,1,3,2,4,2,10,1,7,0,6,3,1,7,4,1,4,7,1
1s39,3,1,1,3,2,4,2,10,1,6,0,6,3,1,8,3,1,3,7,0
1s63,5,3,5,4,7,3,1,5,0,6,4,1,4,3,4,2,3,11,1,4
1sb1,4,5,3,6,5,0,4,10,4,6,3,1,3,2,3,4,3,5,4,1
1sbg,2,2,2,3,0,0,1,7,5,7,2,1,1,3,0,4,0,0,4,0
1sc8,6,1,1,7,5,1,2,8,4,4,4,1,0,1,5,7,2,5,4,3
1sdt,4,4,4,6,0,0,2,13,12,12,4,2,2,6,0,8,0,0,8,0
1sdu,4,4,4,6,0,0,2,13,12,10,4,4,2,6,0,8,0,0,9,0
1sdv,6,4,4,6,0,0,1,13,12,12,4,2,2,6,0,8,0,0,8,0
1sgu,3,2,2,3,0,0,1,7,4,5,2,2,2,3,0,4,0,0,5,0
1sgx,2,4,5,3,0,0,2,3,5,6,3,2,0,0,1,1,0,2,4,0
1sh9,3,3,2,3,0,2,2,7,4,5,1,2,2,3,0,4,0,0,5,0
1siv,1,2,3,4,0,0,1,6,6,4,1,1,2,2,1,4,0,0,4,0
1sl3,4,5,3,6,5,0,4,11,4,6,3,1,3,3,3,4,3,4,4,1
1sld,8,2,5,1,0,2,3,4,0,4,2,0,2,0,7,8,5,3,3,2
1sle,7,2,5,1,0,2,3,4,0,4,2,0,1,0,7,8,5,3,3,2
1slg,7,2,5,1,0,2,3,4,0,4,2,0,2,0,7,10,5,4,3,2
1sln,7,0,3,5,0,1,3,4,1,9,0,1,6,3,3,4,2,4,2,6
1sqa,6,2,0,8,5,2,1,8,5,5,3,0,1,1,5,6,2,8,4,3
1sqn,2,2,2,1,2,4,3,3,5,18,1,4,5,2,12,3,3,4,5,1
1sqo,4,1,0,6,5,2,1,8,4,5,3,0,0,1,4,5,2,4,4,2
1sqt,4,1,1,6,5,1,1,8,4,5,3,0,0,1,4,5,2,5,4,2
1sr7,2,3,3,1,2,4,3,3,5,19,2,5,5,2,13,4,3,4,5,1
1srg,5,2,4,1,0,2,2,4,0,4,2,0,2,0,7,7,6,4,3,2
1sri,7,2,4,2,0,2,2,4,0,4,2,0,2,0,7,7,6,4,3,2
1ssq,4,2,1,4,0,2,3,7,5,4,1,1,1,2,3,3,0,0,5,3
1stc,3,3,3,6,0,2,5,8,2,9,5,5,5,2,3,5,0,4,6,2
1str,7,2,5,1,0,2,3,4,0,4,2,0,2,0,7,9,5,4,4,2
1sts,7,2,5,1,0,2,3,4,0,4,2,0,2,0,7,9,5,4,4,2
1sv3,4,1,0,3,8,0,1,5,2,4,3,1,3,2,4,2,1,5,1,1
1sw1,5,2,4,6,0,1,4,4,2,4,1,0,3,6,2,6,0,8,2,0
1sw2,4,2,4,6,0,1,3,4,3,4,1,2,3,6,2,5,0,7,2,0
1swg,7,1,4,2,0,2,1,3,0,4,2,0,2,0,7,8,6,3,2,2
1swr,9,1,5,1,0,2,2,4,1,4,2,0,2,0,7,9,5,3,3,2
1syh,5,2,2,2,1,0,4,9,6,6,3,4,4,2,6,8,2,5,5,0
1syi,5,3,2,2,1,0,5,9,7,6,3,4,5,2,5,7,2,4,5,0
1szd,6,1,2,4,2,2,4,5,4,5,2,3,8,2,8,4,0,4,9,3
1t31,6,4,2,4,3,1,0,10,5,5,5,0,4,3,6,6,1,2,5,4
1t32,4,5,2,2,3,5,1,9,8,3,3,1,3,2,7,3,2,3,5,1
1t4v,4,5,3,7,5,0,4,10,4,5,3,1,3,2,3,4,3,4,4,1
1t5f,4,2,3,7,1,1,2,7,4,4,1,2,1,5,5,6,1,1,7,3
1t7d,2,1,2,5,0,1,1,4,6,4,4,5,4,4,4,0,2,3,4,0
1t7j,2,2,2,3,0,1,0,7,4,7,1,1,1,3,0,5,0,0,5,0
1ta2,4,5,3,5,5,0,4,11,4,6,3,1,3,3,3,4,3,4,4,1
1ta6,4,4,3,6,5,0,4,11,4,6,3,1,3,3,2,3,3,4,4,1
1tcw,1,3,3,4,0,0,2,7,7,3,3,1,2,3,1,6,1,1,4,0
1tcx,2,2,2,3,0,0,1,6,6,6,2,1,1,3,0,3,0,0,2,0
1thz,6,8,3,7,1,3,2,3,2,0,3,3,6,1,10,1,0,0,4,2
1tkb,9,2,4,6,1,2,3,18,5,9,1,3,4,5,8,9,1,4,3,8
1tlp,5,1,7,7,0,2,5,11,6,4,0,1,2,1,4,5,1,5,5,3
1tmn,5,1,6,6,0,2,5,10,6,4,0,1,2,1,5,5,1,6,5,3
1tng,3,0,2,3,5,2,0,11,3,2,4,0,2,1,6,1,1,4,4,1
1tnh,3,0,2,3,5,2,0,11,3,2,4,0,2,1,6,1,1,4,4,1
1tni,3,0,2,3,3,2,0,12,3,2,4,0,1,1,6,3,1,4,4,1
1tnj,4,0,2,3,5,2,0,11,3,3,4,0,2,1,6,1,1,4,4,1
1tnk,4,0,2,3,5,2,0,11,3,3,4,0,2,1,6,1,1,4,4,1
1tnl,3,0,2,3,5,2,0,12,3,2,4,0,2,1,6,1,2,4,4,1
1tog,7,3,6,4,1,0,0,7,4,5,0,1,1,5,8,1,1,5,6,3
1toi,5,3,6,3,1,0,0,6,4,7,0,1,1,4,8,1,1,6,5,3
1toj,8,3,6,3,1,0,0,6,4,5,0,1,1,4,8,1,1,5,6,3
1tok,5,3,6,3,1,0,0,7,4,5,0,1,1,4,9,0,1,5,5,3
1tom,4,5,3,6,4,0,4,9,4,5,3,1,1,2,2,4,3,4,3,1
1tq4,3,1,5,4,0,0,2,6,4,4,4,1,3,1,6,7,1,2,5,2
1trd,9,2,4,0,2,1,3,10,4,4,3,0,3,1,3,2,2,3,5,1
1tsl,3,5,0,4,1,1,2,1,1,3,3,3,2,2,2,4,3,2,4,4
1tsy,5,3,2,3,1,3,1,3,5,6,2,1,4,4,4,4,3,7,5,6
1ttm,3,3,3,2,1,4,4,4,3,8,1,0,6,3,3,3,5,2,5,6
1tuf,6,4,5,3,2,1,3,12,3,4,3,5,1,1,5,0,0,5,2,3
1tvo,3,2,3,6,2,1,3,5,11,9,5,2,2,1,3,4,0,5,4,1
1tx7,5,0,3,3,5,2,0,10,3,2,4,0,2,1,8,2,1,6,4,1
1txr,5,3,3,10,2,2,3,7,4,3,1,2,4,2,7,5,0,4,2,3
1tyr,5,1,1,1,0,0,2,2,2,4,2,1,0,2,5,4,0,3,5,1
1tys,5,4,3,5,1,3,1,5,6,8,2,1,3,3,6,4,6,5,3,3
1u1b,7,4,5,2,5,2,4,2,3,1,4,2,3,2,1,5,0,3,7,3
1u1w,9,2,5,2,0,2,3,7,3,5,0,4,5,8,5,4,0,2,6,2
1u2y,3,5,3,4,0,2,3,5,4,4,1,1,1,0,1,2,2,3,3,4
1u33,5,6,7,7,1,4,3,4,4,4,1,2,4,5,3,2,3,2,6,5
1ua4,13,3,3,2,0,2,6,6,7,5,6,2,5,5,4,4,0,4,6,2
1ucn,2,4,2,4,1,1,3,7,3,4,2,2,2,3,4,2,1,2,5,1
1udt,6,2,6,6,3,4,3,2,7,4,4,4,3,1,3,6,2,4,4,5
1ugp,1,4,0,2,1,1,4,2,1,4,1,3,6,3,4,3,2,7,1,2
1ugx,3,1,1,2,0,0,0,7,3,1,2,0,2,0,3,1,1,3,5,0
1uho,6,2,7,6,3,4,3,2,7,4,4,3,3,1,3,6,2,4,4,5
1ui0,6,5,3,1,1,1,5,8,3,4,3,0,3,6,0,2,0,1,7,1
1uj5,8,5,0,5,0,0,5,7,6,7,5,1,2,2,2,7,0,3,3,1
1uj6,8,5,0,5,0,0,5,7,7,7,5,0,2,2,2,7,0,3,1,1
1ulg,2,4,3,0,0,0,4,3,4,1,0,0,2,1,2,2,1,1,3,1
1umw,3,3,2,4,0,3,2,3,4,5,5,1,4,0,4,2,3,4,2,2
1uou,4,2,0,7,0,1,2,10,3,12,6,1,1,1,6,5,0,1,9,3
1upf,5,5,2,4,2,1,0,6,4,3,1,1,3,3,3,3,0,3,3,0
1ur9,6,4,5,7,0,3,3,13,8,7,0,2,8,4,5,5,5,12,2,1
1urg,5,0,6,4,0,7,1,6,3,3,2,4,5,6,6,2,3,5,6,1
1usn,6,1,2,4,0,0,1,5,3,5,1,1,5,5,2,1,0,4,2,7
1utc,9,4,5,4,1,5,3,9,8,1,5,1,4,2,5,8,1,1,8,1
1utj,4,0,2,3,5,1,1,12,3,1,1,1,2,2,4,0,1,4,6,1
1utl,5,0,3,3,5,1,1,9,3,1,1,1,2,1,4,0,1,5,6,1
1utm,4,0,2,3,5,1,1,9,3,1,1,1,2,1,3,0,1,5,6,1
1utn,3,0,2,3,5,2,0,12,3,2,4,0,2,1,6,1,2,4,4,1
1uto,3,0,1,3,5,2,0,9,3,2,3,0,2,1,6,1,1,5,4,1
1utp,4,0,1,3,5,2,0,10,3,2,3,0,2,1,6,1,1,5,4,1
1uv6,4,1,1,2,2,4,5,1,3,3,2,1,1,3,6,5,2,5,6,2
1uvt,4,6,3,6,5,0,4,10,4,5,3,1,3,2,2,4,3,4,4,1
1uw6,4,1,1,2,2,4,4,1,3,3,2,1,1,3,6,5,3,5,6,2
1uwf,1,2,5,4,2,2,1,2,3,0,0,0,3,2,2,4,0,4,2,1
1uwt,5,4,8,3,0,2,4,5,2,3,0,2,4,2,6,2,5,6,3,3
1uwu,5,3,8,2,0,2,4,5,2,3,0,2,4,2,6,2,5,7,3,3
1ux7,5,0,2,4,0,0,0,3,1,2,1,0,0,0,2,2,1,3,0,0
1uxa,1,0,1,1,0,1,0,2,3,1,4,0,1,2,3,4,1,3,2,0
1uxb,1,0,0,2,0,1,0,2,3,1,4,0,2,2,3,4,1,3,2,0
1uz1,5,3,6,2,0,1,4,3,2,4,1,1,4,1,4,4,6,5,5,2
1uz4,2,4,7,2,0,4,6,6,2,2,1,3,3,3,4,0,8,3,0,1
1uz8,0,2,5,1,0,2,1,1,4,5,1,1,2,2,3,4,3,7,2,0
1v0k,5,4,5,5,0,2,5,4,2,3,2,1,1,0,5,4,3,3,3,3
1v0l,4,4,5,5,0,3,5,4,2,3,2,1,1,0,6,4,3,2,3,3
1v11,10,3,3,4,2,7,7,9,8,2,0,2,7,4,5,7,0,9,2,2
1v16,9,4,3,4,2,6,7,8,8,2,0,2,7,4,5,7,0,9,3,2
1v1j,5,3,7,1,1,3,3,6,5,6,0,0,1,3,5,2,0,4,8,6
1v1m,9,4,3,4,2,7,7,9,8,2,0,2,7,4,5,7,0,9,2,2
1v2j,4,0,2,3,5,2,0,11,3,2,4,0,2,1,6,1,1,3,4,1
1v2k,5,0,4,3,5,2,2,11,5,1,3,1,3,2,9,5,1,5,4,1
1v2l,5,0,1,3,5,2,1,11,3,1,4,0,2,1,4,1,1,4,4,1
1v2n,6,0,5,3,5,2,1,11,5,1,4,1,3,1,6,3,1,6,4,1
1v2o,4,0,3,3,5,2,0,12,3,2,4,0,2,1,9,4,1,5,4,1
1v2q,4,0,3,3,5,2,0,12,3,2,4,0,2,1,8,4,2,4,4,1
1v2r,4,1,4,3,5,2,0,12,4,2,4,0,2,1,10,4,1,4,4,1
1v2s,4,0,2,3,6,2,1,11,3,2,4,0,2,1,5,1,1,3,4,1
1v2t,4,0,4,3,5,2,1,12,4,2,4,0,3,1,8,4,1,4,4,1
1v2u,4,0,1,3,6,2,0,11,3,2,4,0,2,1,6,1,1,3,4,1
1v2w,5,0,3,3,5,2,0,12,4,2,4,0,2,1,9,4,1,4,4,1
1v48,4,2,5,1,2,1,4,11,4,7,1,6,5,3,4,4,0,3,7,1
1vfn,6,1,4,1,1,0,5,9,2,6,2,3,3,2,4,3,0,2,5,2
1vj9,6,1,1,8,5,1,2,8,6,4,4,1,1,1,5,7,2,6,4,3
1vja,6,1,1,8,5,1,2,8,6,4,3,1,1,1,5,7,2,5,4,3
1vjc,7,0,1,6,2,0,2,16,4,6,3,2,6,2,2,6,3,1,4,0
1vjd,7,0,1,6,3,0,2,16,8,7,3,2,7,2,3,6,3,1,6,0
1vjj,2,4,5,3,0,0,2,3,5,6,3,2,0,0,1,1,0,2,4,0
1vkj,3,9,3,5,2,1,5,6,5,9,4,1,4,3,3,3,0,4,4,2
1vot,2,1,4,3,1,3,7,11,4,4,0,2,7,1,10,1,5,7,6,1
1vwl,7,3,4,2,0,2,3,7,0,4,3,0,2,1,7,9,5,4,4,2
1vwn,8,2,5,2,0,2,3,4,0,4,2,0,2,0,7,8,5,3,4,2
1vyf,3,4,5,3,1,3,4,3,3,5,5,3,4,1,7,14,2,1,9,1
1vyg,3,4,5,3,1,3,4,3,3,5,6,3,4,1,8,14,2,1,11,1
1vyq,5,3,1,3,0,1,1,4,6,9,4,0,3,1,5,3,0,1,3,0
1vzq,4,5,3,6,5,0,5,10,4,6,3,1,4,2,2,4,3,5,4,1
1w0y,4,2,2,5,5,2,0,10,4,3,4,1,3,2,5,4,1,3,7,4
1w1d,1,5,2,2,0,1,1,2,1,5,3,0,1,2,0,2,0,4,4,0
1w1g,1,5,2,2,0,1,1,2,1,5,3,0,1,2,0,2,0,4,4,0
1w2g,17,6,2,6,0,1,4,2,1,8,1,1,2,1,4,2,2,6,4,1
1w3j,5,3,6,2,0,1,4,3,1,4,1,1,4,1,4,4,6,5,4,2
1w3l,8,1,3,4,0,3,4,8,1,3,1,1,2,1,11,6,5,3,0,4
1w4o,5,3,3,2,5,2,3,0,3,1,5,2,3,2,1,4,0,1,5,3
1w4p,6,3,3,2,3,1,4,0,3,1,4,2,3,2,1,4,0,1,5,3
1w4q,5,3,3,2,5,1,4,0,3,1,4,2,3,2,1,3,0,1,5,3
1w5v,2,3,2,3,0,2,1,7,5,7,1,1,1,3,0,4,0,0,5,0
1w5w,2,2,2,3,0,2,1,7,5,7,1,1,1,3,0,4,0,0,5,0
1w5x,2,3,2,3,0,2,1,7,5,7,1,1,1,3,0,4,0,0,5,0
1w5y,2,2,2,3,0,1,1,7,5,7,1,1,1,3,0,4,0,0,5,0
1w6y,5,4,2,4,2,3,4,4,6,5,1,5,3,3,2,1,1,4,7,0
1w7g,4,5,4,6,5,0,4,11,4,7,3,1,4,2,2,5,3,4,4,1
1w7x,4,1,2,5,5,3,0,11,5,3,3,1,3,2,5,4,1,3,7,4
1w8l,3,2,3,2,2,2,0,5,4,2,2,2,3,1,2,3,1,0,1,3
1w8m,3,1,5,3,2,2,0,5,4,2,1,2,3,1,2,4,1,0,1,3
1w96,9,2,3,1,2,3,7,5,3,6,3,3,4,2,6,3,4,3,6,5
1wc1,6,5,2,4,0,1,1,5,7,7,2,2,6,2,3,3,0,1,8,0
1wcq,7,8,6,6,0,2,2,7,5,1,0,2,5,4,9,2,0,4,1,2
1wdn,7,1,2,6,0,2,2,6,7,4,2,1,5,3,4,6,0,5,3,1
1we2,7,4,0,3,0,0,4,6,3,7,3,1,2,2,5,4,0,2,5,0
1wei,5,4,2,2,0,5,2,2,3,6,2,4,1,1,3,4,2,1,5,0
1wht,5,1,3,2,2,0,5,9,1,5,0,1,1,4,7,2,1,5,7,3
1wkm,8,1,2,2,0,1,3,4,6,6,3,1,5,5,3,4,1,5,5,4
1wm1,4,3,2,2,1,2,4,12,6,6,0,1,7,1,5,4,4,4,1,6
1ws1,6,2,0,3,1,3,3,8,5,8,1,2,3,3,1,2,0,2,9,4
1ws4,3,1,1,2,0,0,0,6,3,1,2,0,2,0,3,1,1,3,5,0
1ws5,3,0,1,2,0,0,0,7,3,1,2,0,2,0,3,1,1,3,5,0
1wvc,2,5,2,6,2,0,3,13,6,6,4,3,3,3,3,8,2,2,3,0
1wvj,5,4,2,2,0,0,5,9,6,6,3,4,5,2,5,7,2,5,5,0
1x1z,6,2,1,3,0,1,4,9,13,9,3,2,3,6,5,3,0,3,8,2
1x38,5,3,4,3,2,2,6,5,5,3,2,2,2,2,5,3,4,5,3,2
1x39,6,3,5,4,2,2,6,6,6,2,3,2,2,2,5,3,4,5,3,2
1x8d,6,3,4,1,1,3,3,0,3,4,2,4,3,3,3,2,4,5,9,1
1x8j,3,4,2,4,0,3,3,3,5,13,2,3,3,5,3,3,0,10,1,2
1x8r,9,7,6,8,1,2,1,4,5,7,4,8,2,4,10,6,1,4,5,4
1x8t,8,7,6,8,1,2,1,3,5,7,4,9,2,4,11,7,1,4,5,3
1x9d,4,3,3,3,1,0,11,2,4,8,4,1,7,4,7,8,1,5,5,3
1xap,5,4,1,4,3,2,5,4,10,16,6,4,6,3,5,7,1,2,2,2
1xbb,4,2,3,2,0,2,5,6,4,8,8,4,2,1,2,3,0,1,7,1
1xbo,3,7,3,5,3,4,2,6,3,7,3,2,4,2,5,3,1,2,4,2
1xd0,5,7,9,8,1,4,4,8,5,5,2,2,3,6,3,2,3,3,5,5
1xd1,6,7,10,7,2,4,4,8,6,5,2,2,3,6,4,2,3,3,5,5
1xff,5,4,2,2,1,0,5,8,4,0,0,0,0,3,5,5,1,2,4,6
1xge,4,2,2,2,3,1,2,5,1,8,1,3,1,5,1,3,0,4,3,7
1xgi,7,3,4,2,0,1,3,8,1,5,5,0,1,3,7,4,0,6,6,1
1xgj,7,3,3,2,0,1,4,8,2,5,4,0,1,3,6,4,0,7,6,1
1xh9,3,3,3,6,1,1,7,7,4,13,9,6,6,2,2,6,0,5,7,2
1xhy,3,4,2,2,1,0,4,9,3,6,3,3,6,2,5,8,1,3,5,0
1xjd,4,0,2,5,0,1,2,6,4,11,8,5,7,0,1,1,0,4,2,2
1xk5,1,2,2,2,2,0,3,5,2,9,2,2,1,2,3,2,2,7,6,0
1xk9,8,3,0,2,0,3,5,6,4,6,0,0,2,2,0,3,2,4,3,1
1xka,4,2,0,4,5,4,4,11,5,1,5,1,5,1,5,4,1,5,4,3
1xkk,8,3,2,4,3,2,4,8,4,16,8,3,4,3,3,3,1,4,11,2
1xpz,3,2,4,0,1,4,4,5,3,8,2,0,5,3,2,3,5,2,7,7
1xq0,3,4,4,2,1,3,4,4,3,9,1,0,6,3,2,3,5,2,7,7
1xt8,8,2,5,6,0,3,1,4,2,6,3,1,5,1,1,5,0,2,5,1
1xzx,8,4,3,3,4,3,3,7,6,11,3,4,8,2,4,6,1,1,8,4
1y0l,2,0,6,1,1,0,0,3,2,4,1,0,2,1,2,5,3,5,5,2
1y1m,4,1,2,2,0,4,1,7,6,3,3,2,7,1,5,4,2,1,3,1
1y1z,4,1,2,2,1,4,1,7,6,3,3,2,9,1,5,4,2,2,4,1
1y20,4,1,2,2,1,4,1,7,6,3,3,2,8,1,5,4,2,2,4,1
1y2f,3,1,3,3,0,1,1,3,4,2,1,5,4,1,1,2,0,2,5,1
1y2g,3,1,3,3,0,1,1,3,4,2,1,5,4,2,1,2,0,3,5,1
1y3g,5,1,7,7,0,2,5,10,6,4,0,1,2,1,5,4,1,5,5,3
1y3n,6,8,7,8,0,6,5,2,4,2,2,1,5,6,3,3,4,5,3,1
1y3p,7,10,9,9,0,8,6,4,4,3,5,3,9,6,6,5,4,5,3,2
1y6q,12,2,2,6,0,3,5,12,7,5,1,2,4,1,6,3,0,1,7,2
1y6r,13,2,2,6,0,3,5,12,8,5,1,2,4,1,7,3,0,1,7,2
1yc1,4,3,5,5,0,1,3,8,11,7,5,2,3,0,6,8,1,2,5,2
1yc4,3,3,5,5,0,0,3,7,8,7,4,2,2,0,5,6,1,2,5,2
1yda,3,3,3,1,1,2,5,3,3,8,0,0,5,3,2,3,5,2,5,6
1ydb,2,3,3,1,1,2,4,3,3,8,0,0,6,3,2,3,5,2,6,6
1ydd,3,3,3,1,1,2,4,5,3,8,0,0,5,3,3,3,6,2,5,6
1ydk,4,6,1,4,1,3,4,3,5,10,2,6,2,3,1,2,0,3,4,1
1ydr,3,3,3,5,0,2,5,7,2,8,4,5,4,1,2,5,0,4,6,1
1yds,3,3,3,5,0,2,5,7,2,8,4,5,3,1,2,5,0,4,6,1
1ydt,3,3,3,6,0,3,5,7,2,11,6,5,5,1,2,6,0,4,7,2
1yei,0,1,3,3,1,1,1,3,2,7,3,1,2,2,1,3,2,8,4,2
1yej,0,1,3,4,1,2,2,3,2,7,3,1,2,2,3,3,2,7,4,2
1yfz,3,2,0,7,0,0,2,7,7,9,6,1,3,1,4,3,0,4,7,0
1yid,7,5,3,6,0,7,1,8,1,13,3,2,3,4,4,5,0,3,6,3
1ykp,4,5,3,4,1,3,1,5,6,1,1,0,1,6,3,4,3,4,2,4
1yqj,6,1,5,4,1,0,2,6,3,12,5,2,3,2,4,1,1,3,9,4
1yqy,4,3,2,3,0,3,8,5,2,8,5,0,6,1,7,2,0,3,3,4
1yvm,1,1,1,3,4,2,4,5,3,1,1,1,1,3,4,3,1,3,6,6
1z1h,4,4,4,6,0,0,1,12,12,12,2,2,2,6,0,8,0,0,8,0
1z1r,4,4,4,6,0,0,1,13,12,12,3,2,2,6,0,8,0,0,9,0
1z3t,8,3,4,11,2,2,2,4,0,2,2,3,4,4,2,3,4,3,1,2
1z3v,8,3,4,10,3,2,2,5,0,2,2,3,4,3,2,3,4,3,1,2
1z4n,8,3,4,7,0,2,4,4,4,7,8,0,3,2,6,2,1,2,4,1
1z4o,8,3,4,7,0,3,4,4,4,6,7,0,4,2,6,2,1,2,4,1
1z6e,4,3,0,4,5,4,4,12,5,1,4,1,5,1,5,5,1,4,4,3
1z6s,6,2,4,1,3,2,3,2,1,1,3,2,3,2,0,3,0,2,6,2
1z71,4,5,3,6,5,0,4,12,4,6,3,1,3,3,3,4,4,4,4,1
1z95,8,6,1,3,2,5,5,4,6,15,2,8,7,3,7,1,1,2,10,1
1z9g,4,1,6,5,0,1,5,7,5,3,0,1,2,1,5,4,1,4,5,3
1zc9,9,1,2,1,0,3,4,9,6,8,1,2,0,2,8,7,1,2,1,1
1zdp,4,1,6,5,0,1,5,7,5,3,0,1,2,1,5,4,1,4,5,3
1zgi,4,5,3,5,5,0,4,10,4,6,3,1,3,2,3,3,3,4,4,1
1zhy,5,1,3,1,1,5,4,4,6,13,5,1,9,8,14,6,3,3,4,2
1zky,4,2,2,2,0,1,6,5,4,19,4,10,2,3,6,1,2,1,5,2
1zoe,0,3,4,5,1,0,4,4,7,8,9,1,3,1,1,1,1,2,5,2
1zog,0,3,4,5,1,0,4,4,7,7,8,1,3,1,1,1,1,2,5,2
1zoh,0,3,4,4,1,0,4,4,7,7,7,1,3,1,1,1,1,2,5,2
1zp8,2,2,2,3,0,1,1,7,5,7,3,1,1,3,0,4,0,0,4,0
1zpa,1,2,2,3,0,1,1,7,5,7,1,1,1,3,0,4,0,0,4,0
1zs0,9,1,4,6,0,1,3,5,1,8,0,1,6,5,4,2,2,4,1,6
1zsf,4,5,4,6,0,1,3,14,10,13,4,2,2,6,0,8,0,0,10,0
1zsr,4,4,4,6,0,1,2,13,10,14,4,2,2,6,0,8,0,0,9,0
1zvx,9,1,5,6,0,1,3,4,1,7,0,1,6,5,4,2,2,4,1,6
220l,8,7,3,0,0,2,1,3,3,6,3,2,3,0,2,5,2,2,4,0
2a31,3,0,2,3,5,2,0,11,4,2,2,0,2,1,4,1,1,4,5,1
2a4m,7,3,1,5,0,6,1,2,1,10,2,1,3,5,2,5,0,2,8,1
2a5b,2,2,5,3,0,0,2,3,4,3,3,2,4,0,6,11,3,1,4,0
2a5c,2,3,5,3,0,0,2,3,2,3,3,2,4,0,7,10,3,1,4,0
2a8g,2,2,5,2,0,0,2,3,3,3,3,2,4,0,6,11,4,1,4,0
2aac,1,2,3,3,1,2,1,5,5,8,1,1,6,3,1,2,2,6,4,4
2ada,5,2,1,6,3,1,3,7,5,9,1,3,3,5,4,3,3,3,6,6
2adm,6,1,1,3,1,0,3,5,3,9,2,1,6,9,0,1,2,3,8,1
2adu,7,1,2,3,4,1,2,4,6,3,2,1,7,4,3,6,1,5,1,6
2afw,3,2,0,7,1,1,2,3,4,6,1,0,4,3,5,2,2,3,2,5
2afx,2,1,0,7,1,1,2,2,4,6,1,0,3,5,5,2,2,2,2,5
2aj8,3,5,1,3,1,3,5,5,0,1,3,0,2,2,6,2,4,11,8,4
2am4,4,7,1,10,3,4,1,7,4,6,4,1,7,1,5,4,6,3,6,3
2amt,10,1,1,8,1,1,2,6,8,10,5,2,4,5,2,7,0,1,4,4
2ans,4,5,3,3,1,2,6,3,6,2,7,4,2,1,6,7,2,2,9,0
2aoc,4,4,4,6,0,1,3,14,10,11,5,2,2,6,0,8,0,0,12,0
2aod,4,4,4,6,0,1,4,14,12,11,5,2,2,6,0,8,0,0,9,0
2aoe,6,4,4,6,0,1,3,12,12,11,4,2,2,7,0,8,1,0,8,0
2aog,6,4,4,6,0,1,3,13,12,11,5,2,2,6,0,8,0,0,7,0
2aou,3,2,2,4,1,3,6,7,5,9,3,3,5,1,10,5,2,5,4,2
2aov,0,1,2,5,1,4,2,2,4,8,1,4,6,1,9,5,3,5,3,1
2aqu,2,2,2,3,0,0,1,6,5,7,2,1,1,3,0,4,0,0,3,0
2arm,2,1,2,5,9,0,0,6,3,3,2,0,3,2,4,1,1,4,1,1
2avm,2,2,2,3,0,1,2,7,7,5,3,1,1,3,0,4,0,0,5,0
2avo,2,2,2,3,0,0,0,7,7,5,3,1,1,3,0,4,0,0,5,0
2avq,2,2,2,3,0,1,2,7,5,6,4,1,1,3,0,4,0,0,6,0
2avs,2,2,2,3,0,0,0,7,5,6,3,1,1,3,0,4,0,0,6,0
2avv,2,2,2,3,0,0,1,7,6,6,2,1,1,3,0,4,0,0,5,0
2ayr,3,2,2,3,0,1,7,5,6,19,5,10,2,4,8,1,2,3,6,3
2azr,2,7,2,3,2,3,1,7,2,5,2,3,2,2,4,3,1,2,4,1
2b07,3,7,2,4,3,4,2,7,3,6,4,3,5,3,5,3,1,2,4,2
2b1v,3,2,2,2,0,1,6,5,4,17,3,10,2,2,5,1,2,1,5,1
2b4l,6,0,1,3,0,0,4,6,4,3,2,7,0,2,7,4,4,3,2,3
2b7d,5,1,0,6,5,3,0,12,3,4,4,0,3,3,5,5,2,3,8,3
2baj,8,6,2,6,1,1,2,5,7,13,7,2,3,0,3,2,1,6,8,7
2bak,6,5,4,6,1,0,1,7,6,14,7,2,2,2,4,2,1,6,10,5
2bal,6,2,4,3,2,0,3,5,3,12,4,1,2,2,4,2,1,2,9,1
2bfq,15,2,2,3,2,2,2,8,6,5,3,0,2,2,4,3,0,4,8,3
2bfr,14,3,2,3,3,2,2,8,6,5,3,0,2,2,3,2,0,4,7,2
2bjm,2,2,3,2,1,0,0,3,1,1,1,2,1,0,2,3,5,6,1,1
2bmk,3,1,4,0,0,2,2,2,2,1,1,1,4,1,3,4,4,9,1,1
2bmz,0,0,1,2,0,0,0,8,1,2,2,0,3,1,2,2,0,1,3,2
2bo4,3,6,0,6,1,1,2,5,2,5,3,3,2,2,1,6,3,2,2,1
2boh,4,3,0,4,5,3,4,11,6,1,3,1,5,2,5,4,1,4,4,3
2boj,2,2,6,5,0,2,1,3,0,2,0,0,0,1,5,3,0,1,1,0
2bok,6,2,0,4,5,3,4,10,5,2,2,1,5,0,5,4,1,5,4,3
2bpv,2,2,2,3,0,0,2,6,5,7,2,1,1,3,0,4,0,0,3,0
2bpy,2,2,2,3,0,0,2,6,5,7,2,1,1,3,0,4,0,0,4,0
2bq7,4,3,0,4,5,3,4,11,5,1,3,1,5,0,5,5,1,4,4,3
2bqv,4,4,4,6,0,0,1,13,10,12,2,2,2,6,0,7,0,0,9,0
2br1,4,1,3,3,1,2,7,6,2,8,3,0,4,1,2,1,0,3,6,1
2br6,3,1,2,6,2,0,2,5,2,5,1,3,3,4,4,1,1,2,2,6
2brb,4,0,2,3,1,2,7,6,2,9,3,0,4,1,2,1,0,3,6,1
2brm,4,1,2,3,1,2,7,6,2,9,3,0,4,1,2,1,0,3,6,1
2bsu,11,10,0,6,2,5,8,6,3,8,5,4,5,0,3,8,5,12,8,5
2bt9,2,3,2,2,2,0,2,3,4,1,0,0,1,0,4,5,7,2,3,1
2bvd,4,1,5,3,1,3,6,3,2,1,1,0,3,3,1,5,11,2,3,3
2byr,5,3,1,5,3,6,3,3,5,5,1,2,5,4,9,6,1,8,7,1
2bys,3,3,1,4,2,7,3,3,6,4,2,1,4,4,8,5,2,6,7,1
2bz6,4,1,2,6,5,2,0,12,4,3,3,1,3,2,6,5,1,4,8,4
2bza,3,0,1,3,5,2,0,11,3,2,3,0,2,1,6,1,1,4,4,1
2bzz,3,3,8,2,5,4,1,0,6,4,4,4,3,3,1,6,2,2,3,4
2c02,2,3,7,2,5,4,1,0,4,2,4,3,2,3,1,5,2,0,3,4
2c1p,1,3,4,1,1,2,0,3,2,9,1,0,3,4,2,2,2,5,1,2
2c3j,4,0,2,4,1,2,7,5,4,9,4,0,4,1,2,1,0,3,6,1
2c3l,4,1,3,3,1,2,7,6,2,8,3,0,4,1,2,1,0,3,5,0
2c4v,2,3,6,1,0,3,3,9,5,5,1,2,3,3,3,4,0,3,2,2
2c80,6,5,1,4,0,1,6,6,8,7,5,2,3,5,3,2,1,4,5,2
2c92,13,3,2,4,2,3,4,6,5,7,1,0,1,3,3,9,1,1,11,2
2c94,13,3,2,4,2,3,3,6,5,6,1,0,1,3,3,9,1,1,11,2
2c97,9,3,2,4,2,3,4,5,4,3,1,0,1,2,2,4,1,1,6,2
2ca8,5,5,1,1,0,1,6,6,8,6,5,2,3,4,4,0,1,4,3,2
2cbu,5,3,6,2,0,1,4,3,2,4,1,1,4,1,4,4,6,5,5,2
2cbv,5,2,6,2,0,1,4,4,2,4,1,1,4,1,4,4,6,5,5,2
2cbz,2,0,1,4,1,3,1,5,0,4,2,2,3,3,7,3,1,2,5,1
2cc7,3,1,0,1,0,3,4,3,2,1,2,0,3,0,1,4,1,1,9,0
2ccb,3,1,1,1,0,3,6,3,2,2,2,0,3,0,1,4,1,1,9,0
2ccc,3,1,0,1,0,3,4,3,2,1,2,0,3,0,1,4,1,1,9,0
2ceq,5,4,8,3,0,2,4,5,2,3,0,2,4,2,6,2,5,7,3,3
2cer,5,6,9,2,0,2,4,11,2,3,0,2,5,2,10,3,5,9,4,3
2ces,6,3,6,2,0,1,4,4,2,4,1,1,5,1,4,4,6,6,5,2
2cet,8,3,8,2,0,1,4,6,3,4,1,1,7,1,4,4,6,8,6,3
2cex,15,4,7,3,0,5,4,5,1,6,0,3,7,4,5,4,0,4,3,2
2cf8,4,4,3,7,5,0,4,10,4,6,3,1,4,2,2,3,3,5,4,1
2cf9,4,6,3,7,5,0,4,10,4,6,3,1,4,2,2,3,3,5,4,1
2cgr,0,2,3,1,1,1,1,3,1,4,1,0,1,1,2,4,3,6,3,3
2cht,5,4,0,2,2,2,3,3,3,10,3,4,1,3,1,5,1,2,9,1
2cji,4,2,0,4,5,3,4,11,6,1,3,1,5,1,5,5,1,4,4,3
2csn,1,3,2,6,0,1,4,7,6,9,2,0,5,4,2,0,0,5,6,0
2ctc,5,3,2,3,0,2,3,5,6,5,0,0,4,1,10,6,2,7,0,2
2d0k,5,3,4,1,0,0,2,7,6,9,2,0,4,3,3,3,3,4,3,2
2d1n,6,0,1,9,0,0,2,5,1,7,2,2,9,5,3,2,2,4,2,5
2d1o,8,3,3,6,0,0,3,3,1,10,0,1,7,2,4,5,2,4,3,6
2d3u,8,6,2,1,1,0,1,2,2,8,3,2,2,5,5,2,3,4,5,3
2d3z,7,6,2,1,1,0,1,1,2,8,3,2,2,5,5,2,3,4,5,3
2drc,7,4,4,2,1,1,2,7,6,8,2,4,4,3,2,3,2,3,4,2
2dri,8,4,6,7,0,4,2,5,5,6,0,1,5,3,5,5,0,0,2,1
2dua,8,2,2,3,0,1,3,3,7,3,1,3,1,2,4,2,1,1,4,4
2dw7,6,3,6,3,0,1,5,7,5,3,3,2,4,3,3,1,1,7,2,2
2er6,4,0,3,11,0,4,2,15,9,10,0,0,8,1,15,8,3,4,3,0
2er9,3,0,2,12,2,4,1,16,11,9,0,0,8,2,18,10,3,5,3,0
2erz,3,3,3,5,0,2,5,7,2,9,4,5,5,1,2,5,0,4,6,1
2euk,13,3,3,2,1,4,1,5,10,15,10,1,8,6,3,4,1,8,7,2
2eum,9,2,3,1,0,3,3,4,7,10,9,1,7,4,1,4,2,7,6,1
2evl,10,3,3,1,1,3,1,5,9,13,10,1,7,5,2,4,1,8,6,1
2ewa,6,2,4,4,1,0,1,6,2,10,5,2,3,1,5,2,1,3,9,1
2ewb,12,3,5,7,1,1,1,9,6,4,3,5,1,0,3,4,0,1,3,0
2ez7,1,0,4,1,0,1,1,2,1,6,1,1,5,2,1,2,2,1,5,6
2f01,8,1,5,2,0,2,2,4,0,4,2,0,2,0,7,8,6,3,3,2
2f1g,6,1,5,1,4,2,2,10,1,1,2,1,6,1,7,3,2,4,6,2
2f2h,1,7,3,8,2,3,3,8,2,4,4,0,6,0,4,9,8,5,1,3
2f34,4,2,2,3,1,1,5,10,6,6,4,5,4,2,5,5,2,4,6,0
2f35,4,2,2,3,1,1,5,10,6,6,4,4,4,2,5,5,2,4,6,0
2f5t,5,1,4,3,0,2,6,2,10,6,3,3,8,3,4,4,0,3,5,3
2f6t,2,7,3,3,3,4,1,6,2,4,3,2,3,2,5,3,1,2,3,1
2f7o,2,5,1,10,0,2,2,6,2,2,1,1,2,3,2,2,3,8,0,4
2f7p,2,5,1,11,0,3,2,7,3,3,1,1,2,5,2,3,4,8,0,5
2f80,2,2,3,2,0,1,2,6,6,6,1,1,1,3,0,4,0,0,5,0
2f81,4,4,4,6,0,1,2,12,12,10,3,4,2,6,0,8,0,0,8,0
2f8g,4,4,4,6,0,1,1,13,10,12,2,2,2,6,0,8,0,0,10,0
2f8i,5,0,0,1,0,0,1,2,2,4,1,1,0,1,5,3,0,2,4,2
2fai,3,2,2,1,0,0,6,5,4,19,3,10,2,2,6,1,2,1,5,2
2fdp,6,4,3,6,0,3,3,10,7,6,5,2,3,2,10,6,3,7,7,0
2ff1,8,2,5,7,3,0,2,5,2,6,1,5,4,2,1,4,5,2,4,1
2fgi,7,3,5,2,2,1,5,5,6,11,7,4,1,1,2,2,0,3,9,1
2fgu,2,2,2,3,0,0,1,7,5,7,3,1,1,3,1,3,0,0,4,0
2fgv,2,2,3,3,0,0,1,7,5,7,3,1,1,3,0,3,0,0,4,0
2fkf,2,6,4,8,0,0,3,8,5,4,4,1,3,4,4,4,0,2,3,3
2flb,5,1,0,6,5,3,0,11,3,6,4,0,3,0,6,4,2,3,6,3
2fpz,4,3,3,6,6,3,1,9,2,1,0,0,1,2,3,3,1,3,6,1
2fqo,4,3,3,4,4,4,4,4,7,6,4,1,4,4,2,4,0,3,5,5
2fqt,4,3,3,4,4,5,4,4,7,6,4,1,4,4,2,4,0,3,5,5
2fqw,8,2,4,8,1,5,2,10,5,3,2,5,7,1,6,4,0,1,9,0
2fqx,8,2,4,8,1,5,2,9,5,3,2,5,7,1,6,4,0,1,10,0
2fqy,8,2,4,8,1,5,2,10,5,3,2,5,7,1,6,4,0,1,10,0
2fvd,4,1,2,5,0,2,4,4,4,13,9,1,4,1,0,1,0,4,7,2
2fw6,8,4,2,2,1,3,2,7,3,4,0,4,0,6,7,3,1,0,6,1
2fwp,8,4,2,2,1,3,2,7,3,4,0,4,0,6,7,3,1,0,6,1
2fx6,3,0,2,3,5,2,0,11,3,2,3,0,2,1,6,1,1,4,4,1
2fxu,7,2,1,0,0,3,2,4,5,8,1,1,1,3,6,4,2,4,5,2
2fxv,3,2,2,5,0,5,3,5,9,7,4,0,5,1,9,3,0,1,8,2
2fzc,3,8,3,4,0,4,4,5,0,5,2,1,2,4,5,8,0,4,3,4
2fzg,3,8,2,4,0,4,5,8,2,7,4,1,3,3,6,8,0,4,5,4
2fzk,4,8,4,4,0,5,5,8,3,10,4,2,4,3,5,10,1,5,5,3
2fzz,4,3,0,4,5,3,4,11,5,1,5,1,5,1,5,5,1,4,4,3
2g00,4,3,0,4,5,3,4,10,5,1,3,1,5,1,5,5,1,4,4,3
2g5u,5,0,0,1,0,0,1,2,2,4,1,1,0,1,5,4,0,3,5,2
2g8r,3,2,3,2,3,2,1,1,3,1,4,2,3,1,1,3,0,1,5,3
2g94,6,4,3,5,1,3,3,13,8,8,5,2,3,2,10,6,3,7,6,0
2gh7,8,1,5,2,0,2,2,4,0,4,2,0,2,0,7,8,6,3,3,2
2gl0,6,3,4,2,1,2,2,5,5,4,4,0,3,5,2,4,1,1,9,3
2gss,1,4,3,2,2,3,3,5,4,4,3,0,1,3,2,3,1,3,4,0
2gst,3,5,7,4,1,6,2,3,7,13,3,5,3,4,4,2,3,5,3,1
2gsu,3,3,2,6,0,2,3,9,2,4,3,2,3,3,8,3,6,4,4,7
2gv6,3,2,2,7,5,5,0,14,4,2,1,1,5,1,3,3,1,4,8,2
2gv7,4,3,2,8,5,5,0,14,3,2,1,2,5,1,5,3,2,4,8,2
2gvj,4,5,2,6,0,3,4,10,5,10,5,0,5,6,9,7,0,5,10,4
2gvv,10,2,5,3,3,1,8,11,3,1,2,3,1,9,3,5,1,1,2,2
2gyi,3,2,5,7,0,2,4,4,3,3,3,2,5,5,0,5,3,2,2,4
2gzl,12,4,1,8,1,1,3,6,8,10,5,2,4,5,2,7,1,1,4,4
2h3e,3,8,3,5,0,4,5,7,1,5,3,1,3,4,5,8,0,4,6,4
2h4g,2,7,2,3,2,3,1,7,2,4,3,3,2,2,4,3,1,2,4,1
2h4k,2,7,3,3,2,3,1,7,2,5,3,3,2,2,4,3,1,2,4,1
2h4n,3,3,4,1,1,2,4,3,3,9,0,0,5,3,2,3,6,2,5,5
2h5a,2,5,4,8,1,0,2,5,2,4,6,1,3,2,3,3,1,2,6,3
2h6b,5,1,3,1,0,1,3,3,9,7,5,1,5,1,2,3,0,7,1,0
2h6q,9,0,5,10,3,0,3,4,3,4,6,0,4,3,14,3,0,3,10,1
2hb1,2,7,2,3,2,3,1,7,2,5,2,3,2,2,4,3,1,2,4,1
2hb3,2,2,2,3,0,1,1,6,6,6,1,1,1,3,0,4,0,0,5,0
2hdq,5,3,4,1,0,2,1,5,2,3,3,2,0,1,4,4,1,3,1,1
2hdr,3,0,2,2,0,0,3,3,1,1,3,0,1,3,1,0,2,1,3,1
2hf8,7,1,3,7,0,0,5,8,10,8,8,0,3,0,3,6,0,0,6,2
2hh5,6,1,6,1,5,2,3,9,2,3,1,1,7,2,8,3,2,4,5,2
2hs1,4,4,4,6,0,1,2,12,14,12,2,2,2,6,0,7,0,0,6,0
2hs2,4,4,4,6,0,1,2,13,12,14,2,0,2,6,0,8,0,0,8,0
2hu6,5,1,1,5,0,0,2,6,3,4,3,1,5,2,2,3,2,2,3,6
2hxm,5,1,3,1,1,4,1,7,2,10,3,0,2,7,5,2,2,4,4,3
2i0a,2,2,2,3,0,1,1,6,5,7,2,1,1,3,0,4,0,0,4,0
2i0d,2,2,2,3,0,1,1,6,5,7,2,1,1,3,0,4,0,0,4,0
2i0g,4,1,2,2,1,0,5,4,4,13,5,11,2,4,4,1,2,2,6,2
2i3h,1,2,0,3,2,2,1,4,0,3,3,0,3,2,1,2,4,1,2,3
2i3i,1,2,0,3,2,2,1,4,0,3,3,0,3,2,1,2,4,1,2,3
2i80,6,2,4,1,2,2,4,11,6,8,1,3,5,5,6,3,1,3,7,2
2ihq,7,7,1,3,2,4,3,4,4,12,0,8,7,3,7,1,2,2,9,2
2iko,7,1,1,4,0,1,1,8,1,6,1,5,5,2,5,7,2,7,8,2
2il2,7,2,4,6,0,1,2,11,5,8,4,5,7,3,7,11,3,8,7,2
2iuz,8,2,5,6,0,1,2,6,3,3,0,4,4,3,5,2,7,10,4,0
2ivu,6,2,2,2,0,0,5,7,4,13,9,1,4,0,3,2,0,3,8,1
2izl,8,1,5,2,0,2,2,4,0,4,2,0,2,0,7,7,6,3,3,2
2j2u,4,2,0,4,5,3,4,11,6,1,3,1,5,1,5,5,1,4,4,3
2j34,4,2,0,4,5,3,4,11,5,1,3,1,5,1,5,4,1,4,4,3
2j47,0,2,4,5,1,1,3,6,3,2,1,3,4,4,6,3,4,5,6,3
2j4i,4,2,0,4,5,3,4,11,6,1,3,1,5,1,5,4,1,5,4,3
2j75,5,3,6,2,0,1,4,3,2,4,1,1,4,1,4,4,6,5,5,2
2j77,6,3,6,2,0,1,4,3,2,4,1,1,4,1,4,4,6,5,5,2
2j78,5,3,7,2,0,1,4,5,2,4,1,1,4,1,4,4,6,5,5,2
2j79,6,3,7,1,0,1,4,4,2,4,1,1,5,1,4,4,6,5,5,3
2j7b,6,3,7,2,0,1,4,4,2,4,1,1,4,1,4,4,6,5,5,3
2j7d,6,3,8,2,0,1,5,5,3,4,1,1,6,1,4,4,6,7,5,3
2j7e,7,3,8,2,0,1,4,5,3,4,1,2,7,1,4,4,6,9,6,3
2j7f,6,3,8,2,0,1,4,6,2,4,1,1,5,1,4,4,6,8,5,3
2j7g,6,3,8,2,0,1,5,5,3,4,1,1,6,1,4,4,6,7,5,3
2j7h,5,3,6,2,0,1,4,3,1,4,1,1,4,1,4,4,6,5,5,2
2jxr,9,1,3,5,0,3,2,11,9,11,2,1,4,4,6,8,2,7,5,1
2mas,8,2,5,6,2,2,2,12,6,6,0,4,1,3,0,4,0,3,8,4
2olb,5,5,12,6,2,3,4,4,3,8,3,2,3,4,10,8,2,15,5,4
2pcp,1,0,5,2,0,1,1,4,3,2,1,0,3,2,1,3,2,7,1,3
2qwb,3,7,7,4,2,2,5,7,5,2,3,0,0,4,8,6,2,1,1,2
2qwc,3,7,7,4,3,2,5,7,5,2,2,0,0,4,9,7,2,1,1,2
2qwd,3,7,7,4,2,2,5,7,5,2,2,0,0,4,9,6,3,2,1,2
2qwe,5,7,7,4,2,2,5,7,5,2,2,0,0,4,10,8,3,3,1,2
2qwf,5,8,6,4,1,2,6,7,5,2,2,0,1,4,10,8,3,3,1,2
2rkm,4,4,10,4,2,2,3,2,3,5,2,1,3,4,8,5,2,12,4,4
2sim,6,6,6,6,0,3,2,10,3,3,2,3,2,2,6,3,3,4,6,1
2std,3,6,1,9,0,3,3,7,4,7,4,2,8,2,5,2,4,3,5,6
2tmn,5,1,6,6,0,0,5,8,6,3,0,1,2,1,4,4,1,4,5,3
2toh,5,4,0,2,4,2,4,4,2,10,1,0,3,3,4,4,1,3,6,3
2tpi,3,0,1,2,5,3,0,13,1,3,6,0,0,2,8,3,1,4,5,1
2usn,6,1,2,3,0,0,1,6,3,6,1,1,5,6,2,1,0,4,2,7
2ypi,7,1,4,0,2,1,3,12,5,7,2,0,4,1,3,2,1,3,2,1
3aid,2,2,2,3,0,0,0,7,5,7,2,1,1,3,0,3,0,0,3,0
3gss,2,5,6,3,3,4,2,6,4,9,4,1,2,3,2,4,1,6,7,0
3gst,3,5,7,3,1,6,2,2,7,12,3,5,3,4,4,2,3,6,3,1
3jdw,6,4,6,6,1,2,0,3,3,3,1,4,3,4,5,3,4,2,2,2
3kiv,1,4,3,2,2,2,1,1,1,1,0,1,1,2,0,3,3,2,0,2
3pcb,4,5,3,4,1,3,1,5,5,1,1,1,1,5,2,4,3,6,2,2
3pcc,4,4,3,4,1,3,1,5,6,1,1,1,1,6,2,4,3,5,2,2
3pce,4,7,4,3,1,3,1,6,5,1,1,1,1,6,2,3,3,6,2,4
3pcf,4,5,3,4,1,3,1,5,6,1,1,1,1,6,3,4,3,5,2,2
3pcg,4,6,4,4,1,3,1,6,6,1,1,0,1,6,2,4,3,5,2,4
3pch,4,5,3,4,1,3,1,5,6,1,1,1,1,6,2,4,3,6,2,2
3pcj,4,6,4,4,1,3,1,5,6,1,1,1,1,6,2,4,3,6,2,2
3pck,4,6,4,4,1,3,1,5,6,1,1,1,1,6,2,4,3,6,2,2
3pcn,4,7,4,4,1,3,1,6,6,1,1,1,1,6,2,4,3,6,2,4
3std,3,7,1,7,0,3,4,8,5,8,4,2,7,2,5,2,4,2,5,6
3tlh,1,1,2,3,0,1,0,6,5,5,1,1,1,3,0,3,0,0,4,0
456c,6,0,1,6,0,0,2,6,1,8,0,2,7,6,3,2,2,4,1,5
4er1,4,0,3,13,0,4,3,16,11,10,1,0,8,2,14,9,3,5,3,0
4er2,3,0,2,11,0,2,2,16,10,9,0,0,7,1,12,7,2,5,2,0
4fiv,1,4,4,3,1,2,1,7,4,7,3,2,1,2,1,2,0,0,1,0
4rsk,8,2,3,2,4,1,2,0,3,1,2,2,3,2,1,3,0,0,5,3
4std,3,8,1,9,0,3,4,8,4,7,5,2,7,2,5,2,4,3,5,6
4tim,9,2,4,0,2,1,3,12,4,4,3,0,3,1,3,2,2,3,5,1
4tln,5,1,6,5,0,0,4,6,5,3,0,1,2,1,4,3,1,4,5,3
4tmk,11,10,1,7,0,4,9,12,3,15,2,2,3,2,2,7,0,4,7,1
4tmn,5,2,6,6,0,3,6,10,7,5,0,1,2,1,7,7,1,7,6,3
4ts1,4,1,3,4,2,3,1,11,6,8,2,2,2,2,3,3,2,5,1,2
5abp,5,3,3,8,1,4,4,4,3,5,1,3,1,6,4,7,1,0,6,1
5er1,4,0,2,9,0,2,1,11,8,8,0,0,5,0,11,7,3,4,1,0
5er2,4,0,3,12,0,5,3,16,10,10,1,0,8,2,15,8,4,5,4,0
5fiv,1,3,4,3,1,2,0,7,5,7,1,2,0,1,0,2,0,0,0,0
5std,3,8,1,9,0,4,4,8,4,7,4,2,7,2,4,2,4,2,5,6
5tln,5,1,7,5,0,1,6,10,5,3,0,1,2,1,5,5,1,5,5,3
5tmn,5,2,6,7,0,2,5,9,6,5,0,1,2,1,6,6,1,5,5,3
5tmp,10,11,2,6,0,4,10,12,3,13,2,2,3,3,3,6,0,4,7,1
5yas,1,2,3,3,2,3,3,7,4,10,4,1,6,0,4,7,2,3,2,4
6abp,5,3,3,7,1,4,4,3,3,5,1,2,1,6,4,5,1,0,5,1
6cpa,5,6,2,4,0,2,3,8,7,6,2,0,4,1,11,7,4,8,0,2
6fiv,1,3,4,3,1,1,0,7,4,7,1,2,0,1,0,2,0,0,2,0
6rnt,2,1,5,1,0,0,2,5,2,1,1,0,1,3,4,2,1,5,4,2
6std,3,7,1,8,0,3,4,7,4,7,5,2,7,2,5,2,4,2,5,6
6tim,10,1,4,0,2,1,3,11,5,5,3,0,3,1,3,2,2,3,6,1
7abp,5,3,3,8,1,4,3,3,3,6,1,2,1,6,4,4,1,0,6,1
7cpa,5,6,2,4,1,2,3,8,7,7,2,0,4,1,11,7,4,8,0,2
7hvp,2,2,2,3,0,1,0,7,5,7,2,1,1,3,0,4,0,0,5,0
7std,3,6,1,9,0,3,4,7,4,7,5,2,7,2,5,2,4,3,5,6
7upj,2,2,2,3,0,1,1,6,5,5,1,1,1,3,0,3,0,0,3,0
830c,6,0,1,6,0,0,2,5,1,8,0,2,7,5,3,2,2,4,1,6
8abp,6,3,3,8,1,4,4,4,3,6,1,2,1,6,4,5,1,0,7,1
8cpa,5,6,2,4,0,2,3,8,7,7,3,0,4,1,11,7,4,8,0,2
966c,7,1,2,6,0,2,3,5,1,6,0,1,4,3,6,1,2,3,2,6
9abp,6,3,3,9,1,4,5,5,3,4,1,3,1,5,4,5,1,0,8,1
