,0,1,2,3,4,5,6,7,8,9,10,11,12,13,14,15,16,17
10gs,166.1,-1.85,472.54,33,5,9,7,3,10,14,176,2,2,0,0,0,2,0
11gs,232.53,-3.44,608.45,39,5,13,11,3,16,20,216,2,1,0,0,0,1,0
1a08,181.83,0.92,602.59,41,2,11,8,2,14,22,232,3,1,0,0,0,1,0
1a0q,118.59,0.78,341.3,23,1,7,6,1,8,11,128,1,1,0,0,0,1,0
1a1b,191.06,0.17,568.58,39,2,12,9,2,13,22,220,3,1,0,0,0,1,0
1a1c,191.06,-0.61,552.54,38,2,12,9,2,13,17,212,3,1,1,1,0,1,0
1a1e,191.06,-0.61,552.54,38,2,12,9,2,13,16,212,3,1,1,1,0,1,1
1a30,206.23,-5.97,373.36,26,5,11,8,3,11,15,148,2,0,0,0,0,0,0
1a42,123.38,-0.94,384.52,23,4,8,6,2,11,10,132,0,1,0,1,1,0,0
1a4k,144.94,0.17,428.42,31,2,10,7,2,10,6,164,4,1,4,4,0,1,1
1a4r,264.02,-3.75,440.2,28,7,16,14,5,18,10,156,0,2,1,1,2,0,1
1a4w,165.69,1.19,614.82,42,6,11,7,4,13,15,226,1,3,1,1,1,2,1
1a69,144.35,-2.2,268.23,19,5,9,7,5,9,5,102,0,2,1,1,2,0,1
1a8i,148.35,-4,248.19,17,6,9,7,6,9,5,96,3,0,2,2,0,0,2
1a94,351.47,-5.19,847.05,60,16,20,9,11,20,35,336,7,1,0,0,0,1,0
1a99,55.28,-1.75,90.17,6,6,2,0,2,2,5,38,0,0,0,0,0,0,0
1a9m,259.72,-2.66,597.78,42,13,14,6,9,14,23,240,5,0,1,1,0,0,0
1aaq,190.57,-0.56,578.73,41,8,12,7,6,12,25,230,4,1,0,0,0,1,0
1abf,90.15,-2.19,164.16,11,4,5,5,4,5,5,66,0,0,1,1,0,0,1
1add,126.65,-1.38,266.26,19,5,8,8,4,8,6,102,0,2,1,1,2,0,1
1adl,40.13,4.88,303.47,22,0,2,2,0,2,15,124,0,0,0,0,0,0,0
1ado,109.72,-2.61,168.04,10,1,6,6,1,7,5,60,0,0,0,0,0,0,0
1af2,124.78,-2.85,244.2,17,4,8,7,4,8,5,94,0,1,1,1,1,0,1
1af6,189.53,-5.4,342.3,23,8,11,11,8,11,13,136,0,0,2,2,0,0,2
1afk,293.28,-4.79,502.14,31,3,18,18,2,21,10,174,0,2,1,1,2,0,1
1afl,293.28,-4.79,502.14,31,3,18,18,2,21,10,174,0,2,1,1,2,0,1
1agm,325.75,-9.59,646.62,44,15,19,18,14,19,23,256,0,0,3,4,0,0,3
1ai4,80.59,-0.61,167.14,12,2,4,4,2,4,4,64,0,1,0,0,0,1,0
1ai5,83.27,-0.11,180.14,13,0,5,4,0,5,3,68,0,1,0,0,0,1,0
1ai7,20.23,1.39,94.11,7,1,1,1,1,1,1,36,0,1,0,0,0,1,0
1aid,23.47,5.88,452.06,29,1,2,4,1,6,7,156,0,2,2,2,0,2,2
1aj6,200.01,3.63,612.63,44,6,13,11,5,13,17,236,2,3,1,1,1,2,1
1aj7,132.63,0.45,301.19,20,0,8,7,0,9,8,110,0,1,0,0,0,1,0
1ajn,83.27,-0.11,180.14,13,0,5,4,0,5,3,68,0,1,0,0,0,1,0
1ajp,80.59,-0.61,167.14,12,2,4,4,2,4,4,64,0,1,0,0,0,1,0
1ajq,40.13,0.04,141.17,9,0,2,3,0,3,2,48,0,1,0,0,1,0,0
1ajv,99.54,3.87,574.7,41,2,8,6,2,9,12,214,0,4,1,1,0,4,1
1ajx,82.47,4.74,538.64,40,2,7,5,2,7,12,206,2,4,1,1,0,4,1
1alw,40.13,0.28,181.24,12,0,2,3,1,3,4,64,0,1,0,0,0,1,0
1amw,241.09,-3.64,424.18,27,4,15,15,3,17,9,150,0,2,1,1,2,0,1
1apb,90.15,-2.19,164.16,11,4,5,5,4,5,5,66,0,0,1,1,0,0,1
1apv,156.86,0.91,522.63,36,6,10,6,6,12,25,210,4,0,0,0,0,0,0
1apw,136.63,1.59,506.63,35,5,9,5,5,11,24,204,4,0,0,0,0,0,0
1atl,78.46,1.06,338.45,23,1,5,5,2,6,13,128,1,1,0,0,0,1,0
1avn,56.32,-0.81,112.16,8,4,3,1,2,3,3,44,0,1,0,0,1,0,0
1awi,239.53,-2.62,989.19,71,2,21,11,1,21,10,388,9,0,10,10,0,0,10
1ax0,119.25,-3.08,221.21,15,5,7,6,5,7,7,88,1,0,1,1,0,0,1
1axz,110.38,-3.22,180.16,12,5,6,6,5,6,6,72,0,0,1,1,0,0,1
1b05,181.25,-4.93,379.53,25,11,9,5,6,10,18,146,2,0,0,0,0,0,0
1b0h,181.25,-2.46,473.62,34,11,9,4,5,9,18,186,2,2,0,0,0,2,0
1b11,116.76,2.16,455.55,33,4,8,5,4,8,15,178,3,2,0,0,0,2,0
1b1h,181.25,-3.23,437.58,31,11,9,4,5,9,19,174,2,1,0,0,0,1,0
1b2h,208.89,-5.84,391.54,27,14,10,4,6,10,20,158,2,0,0,0,0,0,0
1b32,181.25,-4.11,407.58,27,11,9,5,5,10,20,158,2,0,0,0,0,0,0
1b38,290.45,-4.16,503.15,31,4,18,18,3,21,11,174,0,2,1,1,2,0,1
1b39,290.45,-4.16,503.15,31,4,18,18,3,21,11,174,0,2,1,1,2,0,1
1b3f,209.93,-4.89,413.52,29,12,11,5,6,11,18,164,2,1,0,0,1,0,0
1b3g,181.25,-3.81,389.54,27,11,9,4,5,9,20,158,2,0,0,0,0,0,0
1b3h,181.25,-2.89,429.61,30,11,9,4,5,9,18,174,2,0,1,1,0,0,0
1b3l,181.25,-5.23,333.43,23,11,9,4,5,9,16,134,2,0,0,0,0,0,0
1b40,181.25,-3.62,423.56,30,11,9,4,5,9,18,168,2,1,0,0,0,1,0
1b46,172.46,-4.35,373.5,26,10,9,4,4,9,15,150,2,0,1,1,0,0,1
1b4h,208.89,-6.23,377.51,26,14,10,4,6,10,19,152,2,0,0,0,0,0,0
1b4z,221.38,-6.72,390.46,27,11,11,6,5,11,18,156,2,0,0,0,0,0,0
1b51,201.48,-5.87,363.46,25,12,10,5,6,10,18,146,2,0,0,0,0,0,0
1b52,201.48,-5.48,377.49,26,12,10,5,6,10,19,152,2,0,0,0,0,0,0
1b55,330.14,-8.42,492.01,28,2,18,18,2,22,10,168,0,0,1,1,0,0,0
1b58,201.48,-3.91,439.56,31,12,10,5,6,10,19,174,2,1,0,0,0,1,0
1b5h,208.89,-6.62,363.48,25,14,10,4,6,10,18,146,2,0,0,0,0,0,0
1b5i,224.34,-5.98,390.48,27,13,11,5,6,11,18,156,3,0,0,0,0,0,0
1b5j,224.34,-5.59,404.51,28,13,11,5,6,11,19,162,3,0,0,0,0,0,0
1b6h,181.25,-4.06,375.51,26,11,9,4,5,9,19,152,2,0,0,0,0,0,0
1b6j,235.28,-0.77,687.84,49,9,15,9,7,15,18,272,6,1,1,3,0,1,1
1b6k,173.91,1.03,680.87,49,7,12,7,6,12,18,268,4,2,1,3,0,2,1
1b6l,163.09,0.38,545.68,39,6,11,7,5,11,7,216,4,1,1,3,0,1,1
1b6m,142.6,2.09,597.78,43,6,10,6,5,10,12,236,3,2,0,2,0,2,0
1b74,110.86,-3.39,146.15,10,5,5,3,2,5,5,58,1,0,0,0,0,0,0
1b7h,181.25,-3.67,389.54,27,11,9,4,5,9,20,158,2,0,0,0,0,0,0
1b8o,138.84,-3.05,267.26,19,7,8,5,6,8,5,102,0,2,1,1,2,0,1
1b8y,89.54,1.1,373.45,26,1,6,5,1,7,6,138,0,2,1,1,0,2,1
1b9j,181.25,-3.81,389.54,27,11,9,4,5,9,20,158,2,0,0,0,0,0,0
1bai,351.47,-5.19,847.05,60,16,20,9,11,20,35,336,7,1,0,0,0,1,0
1bap,90.15,-2.58,150.13,10,4,5,5,4,5,4,60,0,0,1,1,0,0,1
1bcd,60.16,-0.21,149.09,8,2,3,2,1,7,1,50,0,0,0,0,0,0,0
1bcu,64.93,2.55,209.25,16,4,3,3,2,3,2,78,0,3,0,0,1,2,0
1bdq,116.34,4.97,534.7,39,4,8,5,4,8,15,210,2,3,0,0,1,2,0
1bgq,96.36,2.69,364.78,25,2,6,6,2,7,3,132,0,1,1,2,0,1,1
1bhf,276.92,-5.66,632.62,45,4,16,12,4,16,23,248,4,1,0,0,0,1,0
1bhx,161.59,-2.6,469.61,31,7,10,5,5,12,9,170,2,1,2,2,0,1,2
1bma,87.3,4.52,521.6,37,3,7,3,3,10,16,202,3,2,0,0,0,2,0
1bn1,106.33,1.18,346.45,21,3,6,5,2,9,7,114,0,2,0,0,1,1,0
1bn3,106.77,1.58,372.45,23,2,7,6,1,10,5,122,0,2,0,1,1,1,0
1bn4,115.56,0.88,362.45,22,3,7,6,2,10,8,120,0,2,0,0,1,1,0
1bnn,106.77,1.16,374.46,23,2,7,6,1,10,5,124,0,2,0,1,1,1,0
1bnq,123.38,-1.33,370.5,22,4,8,6,2,11,9,126,0,1,0,1,1,0,0
1bnt,127,0.65,390.46,24,3,8,7,2,11,6,130,0,2,0,1,1,1,0
1bnu,117.77,0.69,380.49,22,3,7,7,2,11,5,120,0,2,0,1,2,0,0
1bnv,123.38,-0.15,404.51,25,4,8,6,2,11,7,136,0,2,0,1,1,1,0
1bnw,106.33,0.94,338.46,19,3,6,6,2,10,6,104,0,2,0,0,2,0,0
1bp0,156.74,-2.97,306.17,20,2,10,9,2,11,5,112,0,1,1,1,1,0,1
1bq4,240.78,-8.13,336.12,24,0,12,12,0,12,6,126,0,1,0,0,0,1,0
1br6,149.71,-0.73,311.28,23,4,9,8,3,9,5,116,0,3,0,0,2,1,0
1bra,51.61,-0.85,121.16,9,4,2,0,2,2,1,46,0,1,0,0,0,1,0
1bv7,147.99,6.49,758.93,54,4,11,9,4,13,14,274,4,6,1,1,2,4,1
1bv9,147.99,6.49,758.93,54,4,11,9,4,13,14,274,4,6,1,1,2,4,1
1bwa,147.99,6.49,758.93,54,4,11,9,4,13,14,274,4,6,1,1,2,4,1
1bwb,179.57,7.33,824.94,62,6,13,7,6,13,14,310,4,8,1,1,2,6,1
1bxo,192.06,1.52,637.69,44,4,13,9,4,14,16,246,4,1,0,1,0,1,0
1bxq,206.05,1.38,625.68,43,5,13,9,4,14,25,242,4,1,0,0,0,1,0
1bxr,293.25,-4.58,502.17,31,5,18,17,4,21,11,174,0,2,1,1,2,0,1
1byk,241.72,-6.54,420.26,27,7,14,14,7,15,13,160,0,0,2,2,0,0,2
1bzc,175.51,-1.08,427.28,29,3,9,7,2,12,8,156,2,2,0,0,0,2,0
1bzh,456.67,-10.72,981.9,68,9,27,20,8,29,19,374,8,1,1,1,0,1,1
1bzj,103.32,0.17,299.14,20,0,5,5,0,8,3,106,0,2,0,0,0,2,0
1bzy,217.05,-4.61,360.24,24,8,12,9,6,13,7,132,0,2,1,1,2,0,1
1c1r,108.97,0.49,291.34,22,6,6,2,4,6,3,108,0,4,0,0,2,2,0
1c1u,108.97,0.49,291.34,22,6,6,2,4,6,3,108,0,4,0,0,2,2,0
1c1v,160.58,-2.04,334.39,25,10,8,2,6,8,4,124,0,4,0,0,2,2,0
1c3x,100.45,-0.17,277.02,12,4,6,4,3,7,1,62,0,2,0,0,2,0,0
1c4u,163.78,-0.8,582.5,36,5,11,8,3,13,8,194,1,2,1,2,1,1,0
1c4v,129.64,1.18,529.67,39,5,9,6,3,9,9,204,1,3,1,2,1,2,0
1c5c,143.5,0.61,343.34,22,1,8,7,1,10,4,118,1,2,0,0,0,2,0
1c5n,51.61,0.97,303.15,13,4,2,1,2,4,1,66,0,2,0,0,1,1,0
1c5o,51.61,-0.85,121.16,9,4,2,0,2,2,1,46,0,1,0,0,0,1,0
1c5p,51.61,-0.85,121.16,9,4,2,0,2,2,1,46,0,1,0,0,0,1,0
1c5q,51.61,0.97,303.15,13,4,2,1,2,4,1,66,0,2,0,0,1,1,0
1c5s,51.61,0.37,177.25,12,4,2,1,2,3,1,60,0,2,0,0,1,1,0
1c5t,64.5,-0.24,178.24,12,4,3,2,2,4,1,60,0,2,0,0,2,0,0
1c5x,51.61,0.97,303.15,13,4,2,1,2,4,1,66,0,2,0,0,1,1,0
1c5y,64.5,-0.24,178.24,12,4,3,2,2,4,1,60,0,2,0,0,2,0,0
1c5z,51.61,-0.85,121.16,9,4,2,0,2,2,1,46,0,1,0,0,0,1,0
1c70,118.28,4.22,652.84,48,4,9,7,4,9,13,254,2,4,1,2,1,3,1
1c83,125.15,-1.78,246.18,18,2,7,5,2,7,2,92,1,2,0,0,1,1,0
1c84,109.36,-1.11,257.2,19,1,6,5,1,6,2,96,1,2,0,0,0,2,0
1c86,118.59,-2.13,269.23,18,1,7,7,1,8,2,96,1,1,0,1,1,0,0
1c87,118.59,-2.13,269.23,18,1,7,7,1,8,2,96,1,1,0,1,1,0,0
1c88,125.97,-3.58,269.26,18,3,7,6,2,8,2,96,1,1,0,1,1,0,0
1caq,105.33,3.19,502.62,36,2,7,5,2,8,8,186,0,4,1,1,1,3,1
1cbx,80.26,-1.26,206.2,15,0,4,4,0,4,5,80,0,1,0,0,0,1,0
1ce5,51.61,-0.85,121.16,9,4,2,0,2,2,1,46,0,1,0,0,0,1,0
1cea,67.77,-1.46,131.17,9,3,3,2,1,3,6,54,0,0,0,0,0,0,0
1ceb,67.77,-1.22,157.21,11,3,3,2,1,3,3,64,0,0,1,1,0,0,0
1cet,32.74,3.59,320.89,22,2,3,2,1,4,11,120,0,2,0,0,1,1,0
1cgl,161.16,0.6,624.76,45,4,12,9,4,12,20,246,3,2,1,1,0,2,1
1ch8,279.19,-3.82,501.13,31,3,18,17,2,21,7,172,0,2,2,2,2,0,2
1cil,110.91,-0.41,325.46,19,4,6,5,2,9,6,108,0,1,0,1,1,0,0
1cim,121.94,-0.76,297.4,17,5,6,5,2,9,4,96,0,1,0,1,1,0,0
1cin,110.91,-0.8,311.43,18,4,6,5,2,9,5,102,0,1,0,1,1,0,0
1ciz,105.33,3.19,502.62,36,2,7,5,2,8,8,186,0,4,1,1,1,3,1
1cnw,164.46,-2.54,389.45,26,7,10,6,4,11,14,146,2,1,0,0,0,1,0
1cnx,135.36,-1.66,332.4,22,6,8,5,3,9,12,124,1,1,0,0,0,1,0
1cny,164.46,-0.93,479.58,33,7,10,6,4,11,16,180,2,2,0,0,0,2,0
1cps,92.17,-0.22,241.34,16,4,4,4,2,5,8,90,0,1,0,0,0,1,0
1ct8,170.93,3.19,587.25,37,3,11,8,3,17,12,202,2,2,0,0,0,2,0
1ctt,102.26,-2.04,230.22,16,4,7,5,4,7,5,90,2,0,1,2,0,0,1
1ctu,122.49,-2.72,246.22,17,5,8,6,5,8,6,96,2,0,1,2,0,0,1
1d09,172.55,-5.73,251.09,16,1,9,8,1,10,6,92,1,0,0,0,0,0,0
1d2e,261.06,-4.35,440.18,28,5,16,15,4,18,9,156,0,2,1,1,2,0,1
1d3d,38.34,4.86,593.63,38,3,4,3,3,6,10,198,0,4,2,2,1,3,2
1d3p,60.46,3.37,545.75,39,3,6,5,3,7,12,204,0,4,2,2,2,2,2
1d4k,153.6,2.76,699.91,51,7,10,6,6,10,15,274,3,3,0,3,0,3,0
1d4l,151.06,3.49,616.83,43,5,10,7,4,11,15,238,2,2,0,2,0,2,0
1d4p,87.71,1.73,361.47,27,5,5,1,3,5,4,138,1,3,1,1,1,2,1
1d4y,105.59,7.33,602.68,42,2,7,6,2,11,14,224,0,3,0,1,1,2,0
1d5r,120.72,-4.79,148.07,10,2,6,6,2,6,5,58,0,0,0,0,0,0,0
1d6v,89.46,2.36,380.46,28,2,5,4,2,5,8,148,1,2,1,1,0,2,0
1d6w,166.87,0.54,527.61,37,4,12,10,3,13,8,196,1,3,1,2,2,1,0
1d7i,17.07,0.69,124.23,6,0,1,2,0,3,4,38,0,0,0,0,0,0,0
1d7j,37.3,-0.04,88.11,6,1,2,2,1,2,4,36,0,0,0,0,0,0,0
1d9i,139.81,-0.69,476.58,33,4,10,8,2,11,8,178,1,2,1,2,1,1,0
1db1,60.69,5.7,416.65,30,3,3,3,3,3,13,170,0,0,3,3,0,0,0
1det,211.7,-3.83,361.21,24,5,13,12,4,14,7,132,0,2,1,1,2,0,1
1df8,81.26,-0.54,243.31,16,2,5,4,2,6,5,90,2,0,2,2,0,0,2
1dfo,225.83,-3.11,469.41,34,5,14,11,4,14,10,178,2,2,0,1,1,1,0
1dhi,216.2,-2.4,452.43,33,5,13,12,3,13,12,172,1,3,0,0,2,1,0
1dhj,216.2,-2.4,452.43,33,5,13,12,3,13,12,172,1,3,0,0,2,1,0
1dif,189.12,4.28,830.98,60,6,14,8,6,16,27,322,6,4,0,0,2,2,0
1dl7,101.73,1.16,304.24,20,0,8,6,0,9,10,112,0,1,0,0,0,1,0
1dmp,116.05,4.23,536.68,40,6,7,5,4,7,12,206,2,4,1,1,0,4,1
1dqn,217.05,-4.61,360.24,24,8,12,9,6,13,7,132,0,2,1,1,2,0,1
1dqx,197.2,-4.29,338.16,22,4,12,11,4,13,7,124,0,1,1,1,1,0,1
1drj,90.15,-2.58,150.13,10,4,5,5,4,5,4,60,0,0,1,1,0,0,1
1drk,90.15,-2.58,150.13,10,4,5,5,4,5,4,60,0,0,1,1,0,0,1
1dud,206.1,-3.48,385.14,24,2,13,12,2,15,7,136,0,1,1,1,1,0,1
1duv,192.12,-4.17,289.23,17,7,10,6,4,12,10,102,0,0,0,0,0,0,0
1dy4,46.07,1.31,258.34,19,3,3,2,2,3,7,100,0,2,1,1,0,2,0
1dzk,35.01,1.68,166.22,12,0,3,3,0,3,6,66,0,1,0,0,1,0,0
1e1v,89.71,1.89,247.3,18,3,6,5,2,6,4,96,0,2,1,1,2,0,0
1e1x,116.48,2,251.29,18,4,7,7,2,7,6,98,0,1,1,1,1,0,0
1e2k,95.32,-0.85,252.27,18,3,6,5,3,6,5,98,0,1,2,2,1,0,0
1e2l,95.32,-0.85,252.27,18,3,6,5,3,6,5,98,0,1,2,2,1,0,0
1e3v,80.59,3.14,391.57,28,2,4,4,2,4,9,160,0,0,4,4,0,0,0
1e4h,20.23,5.2,488.59,12,1,1,1,1,6,1,66,0,1,0,0,0,1,0
1e5a,20.23,3.68,330.8,10,1,1,1,1,4,1,54,0,1,0,0,0,1,0
1e66,38.91,4.86,298.82,21,2,2,2,1,3,3,108,0,2,0,2,1,1,0
1e6q,126.37,-3.61,203.18,14,5,8,6,5,8,5,78,0,1,0,1,1,0,0
1e6s,125.54,-3.18,192.17,13,6,7,7,6,7,6,76,0,0,0,1,0,0,0
1ec9,150.15,-4.68,194.12,13,5,8,7,5,8,8,76,1,0,0,0,0,0,0
1ecq,140.95,-5.04,192.12,13,3,7,7,3,7,8,76,0,0,0,0,0,0,0
1ecv,109.36,-1.66,333.04,16,1,6,5,1,7,2,84,1,1,0,0,0,1,0
1efy,81,2.34,267.29,20,3,5,3,2,5,4,100,1,3,0,0,1,2,0
1egh,112.55,-3.42,153.01,9,0,6,6,0,7,3,54,0,0,0,0,0,0,0
1eix,197.2,-4.29,338.16,22,4,12,11,4,13,7,124,0,1,1,1,1,0,1
1ejn,107.14,0.44,342.47,25,7,6,1,5,6,4,134,2,1,4,4,0,1,0
1ela,106.15,2.2,457.52,32,5,7,3,3,10,12,178,3,1,1,1,0,1,1
1elb,114.94,2.74,473.56,33,6,7,3,4,10,17,186,3,1,0,0,0,1,0
1elc,114.94,2.94,507.58,36,6,7,3,4,10,15,196,3,2,0,0,0,2,0
1eld,87.3,3.44,475.39,33,3,6,3,3,12,8,178,3,2,0,0,0,2,0
1ele,87.3,2.85,427.34,29,3,6,3,3,12,9,162,3,1,0,0,0,1,0
1elr,306.02,-7.21,659.67,45,5,18,14,5,19,26,254,5,0,0,0,0,0,0
1ent,194.44,2.86,661.76,46,5,13,8,5,14,21,256,4,2,0,0,1,1,0
1epo,169.33,1.83,653.77,46,6,12,7,6,14,19,258,5,1,2,2,0,1,1
1erb,29.1,5.65,327.51,24,1,2,1,1,2,12,132,1,0,0,1,0,0,0
1ew8,103.32,-3.35,137.01,8,0,5,5,0,6,2,48,0,0,0,0,0,0,0
1ew9,63.19,-1.21,126.07,6,0,3,4,1,5,2,38,0,0,0,0,0,0,0
1ex8,423.53,-4.21,758.28,48,7,27,26,5,31,17,262,0,4,1,1,4,0,1
1ez9,358.83,-10.11,668.6,45,15,21,21,15,21,29,266,0,0,3,3,0,0,3
1ezq,134.65,0.71,460.58,34,8,7,3,4,7,12,176,1,3,0,0,0,3,0
1f0r,118.28,2.51,453.55,31,3,8,7,2,10,6,158,1,4,1,1,3,1,1
1f0s,108.05,2.25,427.51,29,2,8,6,2,10,5,148,1,4,1,1,4,0,1
1f0t,151.21,-0.45,446.53,30,6,9,6,4,11,7,156,1,3,1,1,2,1,1
1f0u,134.65,0.71,460.58,34,8,7,3,4,7,12,176,1,3,0,0,0,3,0
1f2o,67.77,-1.61,131.17,9,3,3,2,1,3,6,54,0,0,0,0,0,0,0
1f2p,67.77,-1.41,165.19,12,3,3,2,1,3,4,64,0,1,0,0,0,1,0
1f3e,117.76,-0.62,192.18,14,6,6,4,4,6,2,72,0,2,0,0,1,1,0
1f4e,77.51,-0.1,268.31,18,0,5,4,0,6,4,98,0,1,1,1,0,1,1
1f4f,186.87,-4.03,425.39,29,1,11,9,1,12,9,158,1,1,1,1,0,1,1
1f4g,215.97,-4.53,496.47,34,2,13,10,2,14,12,186,2,1,1,1,0,1,1
1f4x,117.48,-2.02,293.32,20,4,8,7,4,8,12,118,1,0,1,1,0,0,1
1f57,67.77,-2.72,121.16,7,3,3,3,2,4,4,42,0,0,0,0,0,0,0
1f5k,51.61,-0.85,121.16,9,4,2,0,2,2,1,46,0,1,0,0,0,1,0
1f5l,158.53,-2.9,230.64,15,9,8,5,5,9,3,80,1,1,0,0,1,0,0
1f8a,430.32,-9.72,893.69,60,10,26,19,8,28,26,336,6,1,2,2,0,1,2
1f9g,107.22,-1.41,176.12,12,4,6,6,4,6,6,68,0,0,0,1,0,0,0
1fao,330.14,-8.42,492.01,28,2,18,18,2,22,10,168,0,0,1,1,0,0,0
1fch,295.36,-5.05,638.74,45,14,16,9,9,16,27,252,5,1,0,0,0,1,0
1fcx,60.36,4.63,387.5,29,1,3,3,1,3,8,150,0,3,0,1,0,3,0
1fcy,57.2,4.78,385.48,29,0,3,3,0,3,7,148,0,3,0,1,0,3,0
1fcz,57.2,4.3,361.46,27,0,3,3,0,3,8,140,0,2,0,1,0,2,0
1fd0,72.72,6.22,400.5,30,1,4,4,1,4,7,154,0,3,0,1,0,3,0
1fdq,40.13,5.21,327.49,24,0,2,2,0,2,15,132,0,0,0,0,0,0,0
1fh7,136.22,-4.89,266.27,18,7,8,7,6,8,7,106,0,0,2,2,0,0,2
1fh8,115.99,-3.86,250.27,17,6,7,6,5,7,6,100,0,0,2,2,0,0,2
1fh9,168.81,-5.1,295.27,20,8,10,9,7,10,8,116,0,0,2,2,0,0,2
1fhd,137.43,-2.88,302.28,21,5,9,9,5,9,7,118,0,1,1,2,1,0,1
1fiv,248.95,1.69,838,61,8,15,9,7,15,28,326,6,4,0,0,0,4,0
1fj4,37.3,2.98,210.3,14,1,2,3,1,3,6,76,0,0,0,1,0,0,0
1fjs,162.16,-0.01,526.5,38,5,11,9,3,13,12,198,0,3,0,1,1,2,0
1fkb,195.43,6.18,914.19,65,3,14,13,3,14,19,366,1,0,3,4,0,0,2
1fkf,178.36,4.64,804.03,57,3,13,12,3,13,18,322,1,0,3,4,0,0,2
1fkg,63.68,5.29,449.59,33,0,5,4,0,5,12,176,1,2,1,1,0,2,1
1fkh,63.68,5.5,455.64,33,0,5,4,0,5,12,182,1,1,2,2,0,1,1
1fki,89.98,3.96,437.58,31,0,7,6,0,7,2,176,1,0,2,2,0,0,2
1fkn,385.95,-6.46,890.99,63,12,22,14,9,22,37,352,7,1,0,0,0,1,0
1fkw,113.52,-1.56,252.23,18,3,8,8,3,8,5,96,0,2,1,1,2,0,1
1fl3,69.23,2.72,308.36,23,1,4,3,1,4,7,118,1,2,0,0,0,2,0
1flr,90.57,3.34,331.3,25,1,5,5,1,5,2,122,0,2,0,2,0,2,0
1fm9,109.07,4.06,546.62,41,2,7,6,1,7,13,206,0,5,0,0,1,4,0
1fo0,418.01,-6.41,982.08,70,15,24,14,11,24,37,384,9,2,0,0,0,2,0
1fpc,135.73,0.34,503.69,35,6,9,4,4,10,13,192,1,2,1,1,0,2,1
1fq5,165.73,6.42,840.08,62,6,11,6,6,11,15,326,5,5,0,1,0,5,0
1ftm,113.77,-2.82,186.17,13,4,6,4,2,6,5,72,0,1,0,0,1,0,0
1fv0,131.19,2.41,356.27,26,1,9,8,1,9,4,132,0,3,0,1,0,3,0
1fwu,303.52,-6.92,608.55,40,9,19,18,9,20,19,234,1,0,3,3,0,0,3
1fwv,303.52,-6.92,608.55,40,9,19,18,9,20,19,234,1,0,3,3,0,0,3
1fzj,421.03,-7,956.09,68,19,24,12,14,24,36,374,8,2,0,0,0,2,0
1fzk,346.31,-3.98,949.08,68,12,22,12,9,22,29,370,9,2,2,2,0,2,2
1fzm,421.03,-7,956.09,68,19,24,12,14,24,36,374,8,2,0,0,0,2,0
1fzo,346.31,-3.98,949.08,68,12,22,12,9,22,29,370,9,2,2,2,0,2,2
1fzq,261.06,-4.35,440.18,28,5,16,15,4,18,9,156,0,2,1,1,2,0,1
1g1d,89.26,1.4,308.33,21,3,5,3,2,7,5,110,1,2,0,0,0,2,0
1g2k,128.64,3.23,631.75,45,3,10,7,3,11,14,236,1,4,1,1,0,4,1
1g2l,142.24,2.06,526.62,39,5,10,8,3,10,13,200,0,4,1,1,2,2,0
1g2o,138.84,-3.05,267.26,19,7,8,5,6,8,5,102,0,2,1,1,2,0,1
1g30,142.24,2.06,526.62,39,5,10,8,3,10,13,200,0,4,1,1,2,2,0
1g32,99.28,2.36,424.53,32,5,7,5,3,7,8,160,0,5,0,0,2,3,0
1g35,146.07,3.15,662.76,47,3,11,9,3,12,16,248,0,4,1,1,0,4,1
1g36,99.28,2.36,424.53,32,5,7,5,3,7,8,160,0,5,0,0,2,3,0
1g3b,124.33,-2.59,235.24,17,5,6,4,3,6,6,90,0,1,0,0,0,1,0
1g3c,124.33,-2.59,235.24,17,5,6,4,3,6,6,90,0,1,0,0,0,1,0
1g3d,124.33,-2.59,235.24,17,5,6,4,3,6,6,90,0,1,0,0,0,1,0
1g3e,124.33,-2.59,235.24,17,5,6,4,3,6,6,90,0,1,0,0,0,1,0
1g45,89.26,1.4,308.33,21,3,5,3,2,7,5,110,1,2,0,0,0,2,0
1g46,89.26,1.54,326.32,22,3,5,3,2,8,5,116,1,2,0,0,0,2,0
1g48,89.26,1.54,326.32,22,3,5,3,2,8,5,116,1,2,0,0,0,2,0
1g4j,89.26,1.96,380.29,25,3,5,3,2,11,5,134,1,2,0,0,0,2,0
1g4o,89.26,1.26,290.34,20,3,5,3,2,6,5,104,1,2,0,0,0,2,0
1g52,89.26,1.54,326.32,22,3,5,3,2,8,5,116,1,2,0,0,0,2,0
1g53,89.26,1.54,326.32,22,3,5,3,2,8,5,116,1,2,0,0,0,2,0
1g54,89.26,1.96,380.29,25,3,5,3,2,11,5,134,1,2,0,0,0,2,0
1g7f,199.85,-2.19,540.55,39,3,12,9,3,12,17,210,3,2,0,0,0,2,0
1g7g,216.92,-2.23,596.61,43,3,13,10,3,13,20,232,3,2,0,0,0,2,0
1g7q,400.49,-11.56,813.87,57,15,24,13,11,24,27,320,7,0,2,2,0,0,2
1g7v,259.9,-7.8,408.17,25,4,14,14,4,16,16,150,0,0,0,0,0,0,0
1g85,20.23,2.34,130.23,9,1,1,1,1,1,8,56,0,0,0,0,0,0,0
1g98,173.24,-5.34,243.08,15,3,9,9,3,10,9,90,0,0,0,0,0,0,0
1g9r,282.42,-5.08,566.28,36,6,18,17,6,21,14,206,0,1,2,2,1,0,2
1ga8,169.3,-4.37,326.3,22,7,10,10,7,10,11,130,0,0,2,2,0,0,2
1gaf,132.63,0.45,301.19,20,0,8,7,0,9,8,110,0,1,0,0,0,1,0
1gah,325.75,-9.59,646.62,44,15,19,18,14,19,23,256,0,0,3,4,0,0,3
1gai,325.75,-9.51,648.63,44,15,19,18,14,19,23,258,0,0,4,4,0,0,3
1gar,328.98,-4.25,711.65,48,7,19,16,5,21,23,264,3,2,0,0,1,1,0
1gcz,76.74,1.68,234.21,17,1,5,5,1,5,4,88,0,2,0,0,1,1,0
1ghv,113.15,-0.62,254.27,19,6,6,2,4,6,2,94,0,3,0,0,2,1,0
1ghw,100.52,0.4,253.29,19,6,5,2,4,5,3,94,0,3,0,0,1,2,0
1ghy,113.41,-0.21,254.27,19,6,6,3,4,6,3,94,0,3,0,0,2,1,0
1ghz,113.15,-0.62,254.27,19,6,6,2,4,6,2,94,0,3,0,0,2,1,0
1gi1,100.52,0.4,253.29,19,6,5,2,4,5,3,94,0,3,0,0,1,2,0
1gi4,100.52,0.4,253.29,19,6,5,2,4,5,3,94,0,3,0,0,1,2,0
1gi6,87.63,1,252.3,19,6,4,1,4,4,3,94,0,3,0,0,1,2,0
1gi7,113.15,-0.62,254.27,19,6,6,2,4,6,2,94,0,3,0,0,2,1,0
1gi8,100.52,0.4,253.29,19,6,5,2,4,5,3,94,0,3,0,0,1,2,0
1gi9,109.75,0.41,283.31,21,6,6,3,4,6,5,106,0,3,0,0,1,2,0
1gj4,87.63,3.33,362.84,26,6,4,1,4,5,4,128,0,4,0,0,1,3,0
1gj6,87.63,3.33,362.84,26,6,4,1,4,5,4,128,0,4,0,0,1,3,0
1gj7,87.63,3.33,362.84,26,6,4,1,4,5,4,128,0,4,0,0,1,3,0
1gj8,109.75,1.57,343.38,25,6,6,3,4,7,8,130,0,3,0,0,1,2,0
1gja,100.94,0.11,256.29,19,6,5,2,4,5,4,96,1,2,0,0,0,2,0
1gjb,100.52,2.07,329.38,25,6,5,2,4,5,4,122,0,4,0,0,1,3,0
1gjc,100.52,2.07,329.38,25,6,5,2,4,5,4,122,0,4,0,0,1,3,0
1gjd,100.94,1.68,430.65,22,6,5,2,4,7,5,114,1,2,0,0,0,2,0
1gni,40.13,4.77,281.46,20,0,2,2,0,2,16,118,0,0,0,0,0,0,0
1gnm,259.72,-2.66,597.78,42,13,14,6,9,14,23,240,5,0,1,1,0,0,0
1gnn,259.72,-2.66,597.78,42,13,14,6,9,14,23,240,5,0,1,1,0,0,0
1gno,259.72,-2.66,597.78,42,13,14,6,9,14,23,240,5,0,1,1,0,0,0
1gny,325.83,-8.73,678.59,46,12,21,21,12,21,20,268,0,0,5,5,0,0,5
1gpk,60.5,1.28,243.33,18,4,3,1,2,3,3,94,0,1,0,2,1,0,0
1gpn,49.47,1.07,257.36,19,3,3,1,2,3,1,100,0,1,1,3,1,0,1
1grp,140.62,-5.4,189.1,13,1,7,7,1,7,6,74,0,0,0,0,0,0,0
1gt1,26.02,3.58,193.25,15,2,1,1,1,1,1,72,0,3,0,0,0,3,0
1gu1,100.82,-2.85,173.14,12,3,5,5,3,5,4,68,0,0,0,1,0,0,0
1gvw,194.44,2.86,661.76,46,5,13,8,5,14,21,256,4,2,0,0,1,1,0
1gvx,385.35,-10.12,911.03,65,15,22,12,11,22,31,356,5,2,1,1,0,2,1
1gwv,189.53,-5.4,342.3,23,8,11,11,8,11,12,136,0,0,2,2,0,0,2
1gyx,40.13,0.05,121.11,9,0,2,2,0,2,1,46,0,1,0,0,0,1,0
1gyy,60.36,1.16,181.14,13,1,3,3,1,4,2,68,0,1,0,0,0,1,0
1gz3,290.45,-4.16,503.15,31,4,18,18,3,21,11,174,0,2,1,1,2,0,1
1gz4,290.45,-4.16,503.15,31,4,18,18,3,21,11,174,0,2,1,1,2,0,1
1gz9,248.45,-6.55,488.44,33,10,15,15,10,15,17,194,0,0,3,3,0,0,3
1gzc,189.53,-5.4,342.3,23,8,11,11,8,11,12,136,0,0,2,2,0,0,2
1h0a,277.95,-7.28,414.04,24,3,15,15,3,18,9,144,0,0,1,1,0,0,0
1h1d,107.15,3.42,439.39,31,2,8,7,2,11,8,166,0,2,1,1,0,2,1
1h1h,243.92,-4.27,423.17,27,3,15,15,2,17,8,150,0,2,1,1,2,0,1
1h1p,89.71,1.89,247.3,18,3,6,5,2,6,4,96,0,2,1,1,2,0,0
1h1s,135.88,2.7,402.48,28,4,9,7,3,10,7,148,0,3,1,1,2,1,0
1h22,98.94,2.77,468.69,34,6,6,2,4,6,13,186,0,2,0,2,2,0,0
1h23,98.94,3.55,496.74,36,6,6,2,4,6,15,198,0,2,0,2,2,0,0
1h2t,424.53,-6.18,801.43,52,10,28,26,8,31,19,288,0,3,2,3,3,0,2
1h46,41.82,3.06,257.33,19,1,3,3,1,3,8,100,0,2,0,0,0,2,0
1h4w,51.61,-0.85,121.16,9,4,2,0,2,2,1,46,0,1,0,0,0,1,0
1h6h,264.53,-3.42,551.35,35,4,16,16,4,18,20,206,0,0,1,1,0,0,0
1h9z,67.51,3.61,308.33,23,1,4,4,1,4,6,116,0,3,0,0,1,2,0
1ha2,67.51,3.61,308.33,23,1,4,4,1,4,6,116,0,3,0,0,1,2,0
1hbv,145.68,0.04,587.81,42,7,10,5,5,10,22,234,3,1,0,1,0,1,0
1heg,190.57,-0.56,578.73,41,8,12,7,6,12,25,230,4,1,0,0,0,1,0
1hfs,118.64,6.79,704.86,52,2,8,5,2,9,20,272,3,4,0,1,0,4,0
1hi3,243.92,-4.27,423.17,27,3,15,15,2,17,8,150,0,2,1,1,2,0,1
1hi4,243.92,-4.27,423.17,27,3,15,15,2,17,8,150,0,2,1,1,2,0,1
1hi5,241.09,-3.64,424.18,27,4,15,15,3,17,9,150,0,2,1,1,2,0,1
1hih,139.87,2.31,573.78,41,5,10,6,5,10,22,230,4,1,1,1,0,1,0
1hii,139.87,2.31,573.78,41,5,10,6,5,10,22,230,4,1,1,1,0,1,0
1hk4,97.23,2.51,776.87,24,4,5,4,2,9,7,128,0,2,0,0,0,2,0
1hlk,129.26,0.88,321.26,23,2,8,8,2,8,5,122,0,2,0,1,1,1,0
1hmr,40.13,5,283.48,20,0,2,2,0,2,17,120,0,0,0,0,0,0,0
1hms,40.13,4.77,281.46,20,0,2,2,0,2,16,118,0,0,0,0,0,0,0
1hmt,40.13,5,283.48,20,0,2,2,0,2,17,120,0,0,0,0,0,0,0
1hn2,26.02,3.58,193.25,15,2,1,1,1,1,1,72,0,3,0,0,0,3,0
1hnn,72.19,-0.02,212.27,14,3,4,3,2,5,2,76,0,1,0,1,0,1,0
1hos,174.99,5.9,769.86,55,4,12,8,4,13,22,292,4,4,0,0,0,4,0
1hp0,126.65,-1.38,266.26,19,5,8,8,4,8,6,102,0,2,1,1,2,0,1
1hpo,120.4,5.22,504.61,36,2,7,6,2,8,7,186,0,3,1,2,1,2,0
1hps,133.41,6,638.81,47,4,9,6,4,9,21,248,2,4,0,0,1,3,0
1hpv,131.19,2.4,505.64,35,4,9,7,3,10,15,192,1,2,1,1,0,2,1
1hpx,149.96,2.37,667.85,46,4,11,9,4,13,15,246,4,3,1,1,1,2,1
1hqg,95.41,-3.63,133.17,9,6,4,2,2,4,6,54,0,0,0,0,0,0,0
1hsh,118.03,2.87,613.8,45,4,9,7,4,9,13,240,2,3,1,2,1,2,1
1hvh,122.99,3.07,591.73,44,5,8,7,5,8,14,226,0,4,0,1,0,4,0
1hvi,189.12,3.69,795,58,6,14,8,6,14,27,310,6,4,0,0,2,2,0
1hvj,168.89,4.71,779,57,5,13,7,5,13,26,304,6,4,0,0,2,2,0
1hvk,189.12,3.69,795,58,6,14,8,6,14,27,310,6,4,0,0,2,2,0
1hvl,189.12,3.69,795,58,6,14,8,6,14,27,310,6,4,0,0,2,2,0
1hvr,64.01,7.38,606.77,46,2,5,3,2,5,10,230,2,6,1,1,0,6,1
1hvs,189.12,3.69,795,58,6,14,8,6,14,27,310,6,4,0,0,2,2,0
1hwr,64.01,3.04,406.53,30,2,5,3,2,5,10,158,2,2,1,1,0,2,1
1hxb,166.75,3.09,670.86,49,6,11,7,5,11,13,262,4,3,2,2,1,2,1
1hxw,145.78,5.91,720.96,50,4,11,9,4,13,23,268,4,4,0,0,2,2,0
1hyo,97.33,-2.04,178.08,11,0,5,5,0,6,5,64,0,0,0,0,0,0,0
1i00,158.35,-0.69,456.48,32,2,10,9,2,11,11,168,1,3,0,0,2,1,0
1i5r,186.07,4.54,677.84,49,6,12,12,5,12,18,266,0,3,3,4,2,1,1
1i7z,55.84,1.87,303.36,22,0,5,5,0,5,5,118,0,1,2,2,0,1,2
1i80,61.54,0.25,135.13,10,2,4,2,2,4,0,50,0,2,0,0,2,0,0
1i9l,89.26,1.4,308.33,21,3,5,3,2,7,5,110,1,2,0,0,0,2,0
1i9m,89.26,1.54,326.32,22,3,5,3,2,8,5,116,1,2,0,0,0,2,0
1i9n,89.26,1.54,326.32,22,3,5,3,2,8,5,116,1,2,0,0,0,2,0
1i9o,89.26,1.68,344.31,23,3,5,3,2,9,5,122,1,2,0,0,0,2,0
1i9p,89.26,1.68,344.31,23,3,5,3,2,9,5,122,1,2,0,0,0,2,0
1i9q,89.26,1.68,344.31,23,3,5,3,2,9,5,122,1,2,0,0,0,2,0
1icj,114.3,-0.9,414.49,28,2,10,10,2,10,27,170,0,0,0,0,0,0,0
1if7,94.19,2.35,371.46,26,3,6,4,2,7,8,136,1,3,0,0,1,2,0
1if8,94.19,2.35,371.46,26,3,6,4,2,7,8,136,1,3,0,0,1,2,0
1igb,76.97,-0.05,307.11,14,5,4,2,3,5,5,76,1,1,0,0,0,1,0
1igj,125.68,2.46,520.66,37,4,8,8,4,8,10,208,0,0,5,6,0,0,1
1ii5,107.9,-4.12,146.12,10,3,5,4,1,5,5,58,0,0,0,0,0,0,0
1iih,132.78,-4.06,183.03,11,1,7,7,1,8,5,66,0,0,0,0,0,0,0
1iiq,214.97,1.65,702.85,51,9,13,8,7,13,20,274,5,3,0,0,0,3,0
1ik4,121.75,-2.66,169.03,10,2,7,6,2,8,4,60,1,0,0,0,0,0,0
1ikt,36.92,4.46,352.51,25,0,4,4,0,4,15,144,0,1,0,0,0,1,0
1imx,321.27,-2.89,862.07,60,14,18,15,14,18,37,348,3,0,4,4,0,0,0
1is0,309.21,-5.72,681.57,47,4,18,14,4,19,22,260,4,1,1,1,0,1,0
1iy7,112.32,-1.86,243.26,16,3,6,4,2,7,6,88,0,1,0,0,0,1,0
1izh,202.94,2.7,687.84,50,8,12,7,6,12,19,268,5,3,0,0,0,3,0
1izi,202.94,2.7,687.84,50,8,12,7,6,12,19,268,5,3,0,0,0,3,0
1j01,128.48,-3.31,263.25,18,5,8,7,5,8,6,104,1,0,2,2,0,0,2
1j14,51.61,-0.85,121.16,9,4,2,0,2,2,1,46,0,1,0,0,0,1,0
1j16,51.61,-0.85,121.16,9,4,2,0,2,2,1,46,0,1,0,0,0,1,0
1j17,73.82,3.64,499.04,34,0,7,5,0,9,4,178,1,3,2,2,1,2,2
1j4r,87.19,6.54,624.73,45,0,8,7,0,10,18,242,1,3,1,1,1,2,1
1jak,101.82,-2.62,204.23,14,5,6,5,5,6,6,82,1,0,1,1,0,0,1
1jao,101.29,-0.12,323.42,22,4,6,4,4,7,10,120,3,1,0,0,0,1,0
1jaq,150.62,-1.74,302.33,21,6,9,5,5,9,12,120,4,0,0,0,0,0,0
1jcx,259.9,-7.8,408.17,25,4,14,14,4,16,16,150,0,0,0,0,0,0,0
1jd5,323.04,-3.29,908.04,65,10,20,12,8,20,32,356,7,2,1,1,0,2,1
1jet,181.25,-4.84,347.46,24,11,9,4,5,9,17,140,2,0,0,0,0,0,0
1jeu,221.38,-6.33,404.49,28,11,11,6,5,11,19,162,2,0,0,0,0,0,0
1jev,197.04,-3.14,462.59,33,12,10,4,6,10,18,182,2,2,0,0,1,1,0
1jfh,149.07,-2.66,402.49,25,6,9,11,6,11,14,148,0,0,2,2,0,0,2
1jgl,40.46,3.61,272.39,20,2,2,2,2,2,3,108,0,1,2,3,0,1,0
1jlr,310.42,-4.86,519.15,32,5,19,18,4,22,11,180,0,2,1,1,2,0,1
1jmf,156.74,-2.97,306.17,20,2,10,9,2,11,5,112,0,1,1,1,1,0,1
1jmg,156.74,-2.97,306.17,20,2,10,9,2,11,5,112,0,1,1,1,1,0,1
1jmi,156.74,-2.97,306.17,20,2,10,9,2,11,5,112,0,1,1,1,1,0,1
1jn2,182.23,2.3,487.56,33,5,9,8,3,11,10,174,0,3,0,0,1,2,0
1jn4,311.58,-3.79,635.38,42,6,21,20,5,23,14,230,0,3,2,2,3,0,2
1joc,225.76,-6.13,336.08,20,4,12,12,4,14,8,120,0,0,1,1,0,0,0
1jq8,224.63,-2.66,565.67,40,9,13,8,7,13,24,224,4,1,0,0,0,1,0
1jq9,252.27,-3.07,657.79,47,12,14,8,8,14,26,258,4,2,0,0,0,2,0
1jqd,187.08,-3.49,384.42,26,7,11,11,4,12,11,142,0,2,1,1,2,0,1
1jqe,37.39,5.97,399.97,28,1,4,4,1,5,13,150,0,3,0,0,1,2,0
1jqy,184.09,-1.77,471.46,33,5,13,11,5,13,13,184,1,1,2,2,0,1,2
1jt1,60.44,-0.71,216.28,14,0,4,4,1,5,5,80,1,0,1,1,0,0,1
1jwt,148.08,-0.98,493.61,34,5,11,5,4,12,7,186,2,1,3,3,0,1,3
1jyq,350.61,-3.25,776.57,53,7,20,16,5,22,20,286,4,3,0,0,0,3,0
1jys,80.48,-0.06,135.13,10,3,5,4,2,5,1,50,0,2,0,0,2,0,0
1jzs,148.88,1.26,499.62,35,3,9,9,3,9,22,202,0,0,2,2,0,0,2
1k1i,158.22,-0.68,508.6,36,5,9,5,3,10,8,188,1,3,1,1,0,3,1
1k1j,144.39,0.61,523.64,37,5,9,5,3,10,9,194,1,3,1,1,0,3,1
1k1l,134.7,-1.4,467.59,33,7,8,3,4,9,7,172,1,3,1,1,0,3,1
1k1m,138.4,-0.12,508.62,36,5,9,4,3,10,8,188,2,3,1,1,0,3,1
1k1n,196.55,-1.39,601.73,42,6,12,7,4,13,16,228,2,2,1,1,0,2,1
1k1y,321.17,-8.56,645.61,44,14,19,19,14,19,23,256,0,0,3,4,0,0,3
1k21,172.16,-4.12,439.58,31,8,10,4,5,10,11,176,2,0,2,2,0,0,1
1k22,157.76,-3.37,430.53,31,7,9,4,4,9,9,168,2,1,2,2,0,1,1
1k4g,126.47,1.1,288.34,20,6,7,6,4,8,5,102,0,3,0,0,2,1,0
1k4h,97.79,1.73,264.35,18,5,5,5,3,6,7,96,0,2,0,0,1,1,0
1k9s,141.39,-2.48,282.28,20,6,9,7,5,9,7,108,0,2,1,1,2,0,1
1kav,126.38,2.34,462.23,30,0,6,6,0,12,7,162,0,2,0,0,0,2,0
1kc7,120.39,-3.78,165.02,10,0,6,6,0,7,3,58,0,0,0,0,0,0,0
1kdk,37.3,3.96,290.45,21,1,2,2,1,2,3,118,0,0,4,4,0,0,0
1kel,150.9,-2.23,344.26,23,1,9,7,1,10,10,128,0,1,0,0,0,1,0
1kjr,216.5,-3.25,588.46,40,8,14,12,8,18,16,226,2,1,2,2,0,1,2
1kll,169.68,-1.49,322.32,23,10,9,6,6,9,8,122,1,1,0,2,0,1,0
1kmy,40.46,2.76,186.21,14,2,2,2,2,2,3,70,0,2,0,0,0,2,0
1koj,179.61,-3.79,257.09,16,3,10,9,3,11,9,94,1,0,0,0,0,0,0
1kpm,29.46,8.39,426.68,31,1,2,2,1,2,19,174,0,1,0,1,0,1,0
1kv1,58.95,4.02,306.8,21,2,5,3,2,6,3,112,2,2,0,0,1,1,0
1kv5,112.55,-3.42,153.01,9,0,6,6,0,7,3,54,0,0,0,0,0,0,0
1kyv,161.56,-1.72,376.37,27,5,10,9,5,10,11,144,0,1,0,2,0,1,0
1kzk,118.97,3.71,575.73,41,4,8,6,4,9,15,216,3,3,1,1,0,3,1
1kzn,189.78,5.37,697.14,49,5,13,11,5,14,18,260,1,4,1,1,2,2,1
1l2s,86.3,1.57,316.77,19,1,5,5,1,8,4,100,0,2,0,0,1,1,0
1l6m,80.59,0.16,153.11,11,2,4,4,2,4,2,58,0,1,0,0,0,1,0
1l83,0,1.69,78.11,6,0,0,0,0,0,0,30,0,1,0,0,0,1,0
1laf,133.78,-5.52,175.21,12,8,6,2,4,6,6,70,0,0,0,0,0,0,0
1lag,96.45,-2.69,155.16,11,4,5,3,2,5,4,60,0,1,0,0,1,0,0
1lah,95.41,-3.63,133.17,9,6,4,2,2,4,6,54,0,0,0,0,0,0,0
1lbf,189.85,-4.83,349.23,23,5,10,9,4,11,12,130,0,1,0,0,0,1,0
1lee,113.68,4.59,531.7,39,5,7,5,4,7,19,208,2,3,0,0,0,3,0
1lf2,113.68,4.59,531.7,39,5,7,5,4,7,19,208,2,3,0,0,0,3,0
1lf9,321.17,-8.56,645.61,44,14,19,19,14,19,23,256,0,0,3,4,0,0,3
1lgt,40.46,3.42,220.66,15,2,2,2,2,3,3,76,0,2,0,0,0,2,0
1lgw,26.02,1.41,111.12,8,2,1,1,1,2,1,42,0,1,0,0,0,1,0
1li2,20.23,1.39,94.11,7,1,1,1,1,1,1,36,0,1,0,0,0,1,0
1li3,20.23,2.05,128.56,8,1,1,1,1,2,1,42,0,1,0,0,0,1,0
1li6,15.79,1.32,81.12,6,1,1,0,1,1,1,32,0,1,0,0,1,0,0
1lke,86.99,2.58,390.52,28,3,5,5,3,5,6,156,0,0,4,5,0,0,0
1lkk,309.21,-5.75,669.56,46,4,18,14,4,19,23,256,4,1,0,0,0,1,0
1lkl,309.21,-7.16,613.45,42,4,18,14,4,19,19,232,4,1,0,0,0,1,0
1lnm,66.76,3.6,374.52,27,2,4,4,2,4,5,150,0,0,4,5,0,0,0
1lol,205.65,-4.12,362.19,24,4,13,11,4,14,6,132,0,2,1,1,2,0,1
1loq,176.97,-4,322.17,21,3,11,10,3,12,6,118,0,1,1,1,1,0,1
1lor,197.2,-4.29,338.16,22,4,12,11,4,13,7,124,0,1,1,1,1,0,1
1lox,40.13,2.77,255.34,19,0,2,2,0,2,7,100,0,1,0,0,0,1,0
1lpg,94.87,3.86,547.7,41,5,7,3,3,7,13,208,1,5,0,0,1,4,0
1lpk,134.45,-0.02,427.51,32,8,7,3,4,7,7,160,0,4,0,0,1,3,0
1lpz,85.64,3.7,466.39,32,5,5,2,3,7,7,162,1,4,0,0,1,3,0
1lrh,40.13,1.13,185.2,14,0,2,2,0,2,2,70,0,2,0,0,0,2,0
1lrt,323.7,-3.46,665.47,43,8,20,20,6,23,16,236,1,3,2,2,3,0,2
1lyb,226.09,0.13,684.9,48,7,14,9,7,14,35,278,5,0,0,0,0,0,0
1lyx,112.55,-3.42,153.01,9,0,6,6,0,7,3,54,0,0,0,0,0,0,0
1lzq,191.78,1.94,686.83,50,6,12,8,5,12,19,268,4,3,0,0,0,3,0
1m0n,181.09,-0.96,390.22,25,1,10,10,1,12,8,140,0,1,1,1,1,0,0
1m0o,181.09,-1.1,378.21,24,1,10,10,1,12,11,136,0,1,0,0,1,0,0
1m0q,181.09,-1.88,350.16,22,1,10,10,1,12,9,124,0,1,0,0,1,0,0
1m13,71.44,8.99,536.8,39,1,4,4,1,4,23,216,0,0,1,2,0,0,0
1m1b,114.4,-3.15,166.11,10,0,6,6,0,7,3,58,0,0,0,0,0,0,0
1m2p,117.74,1.78,285.21,21,2,7,6,2,7,3,104,0,2,0,1,0,2,0
1m2q,113.81,2.27,273.2,20,2,7,6,2,7,3,100,0,3,0,0,1,2,0
1m2r,126.64,1.04,270.24,20,6,6,6,4,6,4,100,0,2,0,1,0,2,0
1m2x,60.44,-0.71,216.28,14,0,4,4,1,5,5,80,1,0,1,1,0,0,1
1m48,110.45,1.37,447.56,33,5,7,3,3,7,7,172,1,2,1,1,0,2,1
1m4h,382.99,-6.17,933.05,66,10,22,15,8,22,40,370,6,1,0,0,0,1,0
1m5w,129.95,-2.86,212.09,13,2,7,7,2,8,8,78,0,0,0,0,0,0,0
1m6p,162.57,-4.37,258.12,16,4,9,9,4,10,7,96,0,0,1,1,0,0,1
1m7d,205.86,-3.69,511.52,35,7,14,13,7,14,17,204,1,0,3,3,0,0,3
1m7i,343.93,-7.02,819.8,56,12,23,22,12,23,28,326,1,0,5,5,0,0,5
1m7y,199.15,-4.6,390.31,26,6,11,9,3,12,14,146,0,1,0,0,1,0,0
1m83,290.45,-4.16,503.15,31,4,18,18,3,21,11,174,0,2,1,1,2,0,1
1m9n,205.65,-4.12,362.19,24,4,13,11,4,14,6,132,0,2,1,1,2,0,1
1mai,277.95,-7.28,414.04,24,3,15,15,3,18,9,144,0,0,1,1,0,0,0
1me7,195.91,-4.16,322.17,21,4,12,11,3,13,7,118,1,1,1,1,1,0,1
1me8,195.91,-4.16,322.17,21,4,12,11,3,13,7,118,1,1,1,1,1,0,1
1mes,104.47,4.05,566.7,42,4,7,5,4,7,14,218,2,4,1,1,0,4,1
1met,104.47,4.05,566.7,42,4,7,5,4,7,14,218,2,4,1,1,0,4,1
1meu,104.47,4.05,566.7,42,4,7,5,4,7,14,218,2,4,1,1,0,4,1
1mfa,217.22,-4.86,486.47,33,8,14,14,8,14,17,194,0,0,3,3,0,0,3
1mfd,217.22,-4.86,486.47,33,8,14,14,8,14,17,194,0,0,3,3,0,0,3
1mfi,60.36,1.16,181.14,13,1,3,3,1,4,2,68,0,1,0,0,0,1,0
1mh5,147.69,0.52,474.45,33,2,9,7,2,10,14,178,2,2,0,0,0,2,0
1mhw,202.64,0.72,738.94,53,10,12,6,9,13,21,278,4,4,0,0,0,4,0
1mj7,147.69,0.52,474.45,33,2,9,7,2,10,14,178,2,2,0,0,0,2,0
1mjj,147.69,0.52,474.45,33,2,9,7,2,10,14,178,2,2,0,0,0,2,0
1mmp,103.26,2.16,440.56,32,2,7,5,2,7,8,174,2,2,0,1,1,1,0
1mmq,112.46,2.92,456.59,33,4,8,5,4,8,9,180,3,2,0,1,1,1,0
1mmr,115.17,3.2,475.7,33,6,7,5,4,8,11,184,2,2,0,1,1,1,0
1moq,169.98,-5.12,258.14,16,6,9,8,4,10,7,96,0,0,1,1,0,0,1
1mq5,64.68,5.96,537.9,34,2,6,5,2,10,7,178,2,3,1,1,1,2,1
1mq6,105.15,5.43,568.87,36,2,9,8,2,13,9,188,2,3,0,1,2,1,0
1mrn,459.66,-5.02,886.32,55,6,30,29,5,35,21,308,0,3,2,2,3,0,2
1mrs,176.97,-3.48,336.19,22,3,11,10,3,12,7,124,0,1,1,1,1,0,1
1mrw,118.97,3,527.69,37,4,8,6,4,9,12,200,3,2,1,1,0,2,1
1mrx,118.97,3,527.69,37,4,8,6,4,9,12,200,3,2,1,1,0,2,1
1msm,118.97,3.71,575.73,41,4,8,6,4,9,15,216,3,3,1,1,0,3,1
1msn,118.97,3.71,575.73,41,4,8,6,4,9,15,216,3,3,1,1,0,3,1
1mtr,142.6,2.09,597.78,43,6,10,6,5,10,12,236,3,2,0,2,0,2,0
1mu6,101.8,2,432.41,31,2,8,7,2,11,9,162,1,3,0,0,3,0,0
1mu8,101.8,2.31,446.43,32,2,8,7,2,11,10,168,1,3,0,0,3,0,0
1n1m,47.95,-0.12,171.26,12,3,3,1,1,3,5,70,1,0,1,1,0,0,1
1n1t,159.38,-4.4,290.25,20,5,9,8,5,9,10,114,1,0,0,1,0,0,0
1n2v,94.4,0.28,208.22,15,3,6,3,3,6,4,80,0,2,0,0,2,0,0
1n3i,105.24,-0.96,264.28,19,4,7,5,4,7,5,102,0,2,1,1,2,0,1
1n46,97.21,3.16,367.4,27,2,7,6,2,7,9,140,0,3,0,0,1,2,0
1n4h,40.13,4.27,299.43,22,0,2,2,0,2,10,120,0,0,0,1,0,0,0
1n4k,277.95,-7.28,414.04,24,3,15,15,3,18,9,144,0,0,1,1,0,0,0
1n51,160.68,-1.83,460.55,33,7,10,5,4,10,11,180,4,1,2,2,0,1,2
1n5r,55.92,4.99,414.6,31,4,4,2,2,4,12,160,0,4,0,0,1,3,0
1n8v,20.23,4.27,265.23,14,1,1,1,1,2,12,86,0,0,0,0,0,0,0
1nc1,106.42,0,296.35,20,4,7,8,3,8,7,108,0,2,1,1,2,0,1
1nc3,150.4,-1.91,267.24,19,6,9,8,5,9,6,102,0,2,1,1,2,0,1
1ndv,119.61,1.35,370.49,25,7,7,5,5,9,5,126,0,4,0,0,3,1,0
1ndw,81.14,1.15,259.31,19,3,5,4,2,5,7,100,1,2,0,0,1,1,0
1ndy,81.14,2.3,309.37,23,3,5,4,2,5,7,118,1,3,0,0,1,2,0
1ndz,132.99,3.02,499.57,37,4,10,8,3,10,12,190,2,5,0,0,3,2,0
1nf8,109.72,-2.76,224.17,16,1,6,6,1,6,5,86,0,0,0,1,0,0,0
1nfu,109.3,1.05,463.99,30,4,7,4,2,10,5,156,1,3,1,1,1,2,1
1nfw,86.37,2.92,436.95,28,1,7,5,1,10,5,146,1,3,1,1,3,0,1
1nfx,95.74,2.93,505.02,33,1,8,7,1,11,7,172,1,4,1,1,3,1,1
1nfy,109.3,1.05,463.99,30,4,7,4,2,10,5,156,1,3,1,1,1,2,1
1nh0,269.21,-1.87,731.76,53,7,16,11,6,16,22,282,5,3,0,0,0,3,0
1nhu,60.44,5.02,495.3,33,0,4,3,0,9,7,172,1,3,0,0,0,3,0
1nja,162.79,-2.68,305.18,20,3,10,10,2,11,6,112,0,1,1,1,1,0,1
1njc,162.79,-2.68,305.18,20,3,10,10,2,11,6,112,0,1,1,1,1,0,1
1njd,156.74,-2.97,306.17,20,2,10,9,2,11,5,112,0,1,1,1,1,0,1
1nje,162.79,-2.68,305.18,20,3,10,10,2,11,6,112,0,1,1,1,1,0,1
1njj,257.83,-8.79,500.59,34,17,14,10,10,14,18,200,0,0,3,3,0,0,2
1njs,247.61,-2.34,543.46,38,8,13,11,6,16,16,208,1,2,0,0,1,1,0
1nl9,158.77,0.97,531.57,39,2,10,7,2,10,13,204,3,3,0,0,0,3,0
1nli,80.48,-0.06,135.13,10,3,5,4,2,5,1,50,0,2,0,0,2,0,0
1nm6,100.08,2.36,509.05,36,4,8,7,4,9,2,190,1,3,0,1,1,2,0
1nny,208.13,1.55,716.72,53,2,13,10,2,13,16,272,3,5,0,0,0,5,0
1no6,100.57,0.62,333.3,25,0,6,5,0,6,3,124,1,3,0,0,0,3,0
1nq7,40.13,4.94,339.5,25,0,2,2,0,2,6,136,0,1,0,0,0,1,0
1nt1,116.84,1.91,505.01,35,3,9,5,3,10,1,190,4,1,2,3,0,1,1
1nu3,43.09,1.69,143.23,10,2,2,1,1,2,7,60,1,0,0,0,0,0,0
1nvq,91.1,2.97,481.53,36,3,8,6,2,8,5,180,2,5,1,3,2,3,1
1nvr,74.03,3.33,467.55,35,3,7,5,2,7,5,176,1,5,1,3,2,3,1
1nvs,65.26,4.61,393.4,30,1,6,5,1,6,0,144,2,5,1,3,2,3,1
1nw4,134.26,-2.02,266.26,19,6,8,6,6,8,5,102,0,2,1,1,2,0,1
1nw7,187.08,-3.49,384.42,26,7,11,11,4,12,11,142,0,2,1,1,2,0,1
1nwl,153.21,-0.24,468.58,31,3,10,9,3,12,12,170,3,1,1,1,1,0,0
1nz7,228,-1.65,669.73,47,3,14,11,3,15,21,254,4,2,0,0,0,2,0
1o0f,243.92,-4.27,423.17,27,3,15,15,2,17,8,150,0,2,1,1,2,0,1
1o0h,241.09,-3.64,424.18,27,4,15,15,3,17,9,150,0,2,1,1,2,0,1
1o0m,176.97,-4,322.17,21,3,11,10,3,12,6,118,0,1,1,1,1,0,1
1o0n,176.97,-4,322.17,21,3,11,10,3,12,6,118,0,1,1,1,1,0,1
1o0o,243.92,-4.27,423.17,27,3,15,15,2,17,8,150,0,2,1,1,2,0,1
1o2g,87.63,2.67,328.39,25,6,4,1,4,4,4,122,0,4,0,0,1,3,0
1o2h,96.86,2.33,336.41,25,6,5,2,4,5,5,128,0,3,1,1,1,2,0
1o2j,109.75,1.43,325.39,24,6,6,3,4,6,8,124,0,3,0,0,1,2,0
1o2k,109.75,1.43,325.39,24,6,6,3,4,6,8,124,0,3,0,0,1,2,0
1o2n,100.52,2.72,363.83,26,6,5,2,4,6,4,128,0,4,0,0,1,3,0
1o2o,109.75,1.57,343.38,25,6,6,3,4,7,8,130,0,3,0,0,1,2,0
1o2q,96.86,2.98,370.86,26,6,5,2,4,6,5,134,0,3,1,1,1,2,0
1o2s,100.52,0.4,253.29,19,6,5,2,4,5,3,94,0,3,0,0,1,2,0
1o2w,180.78,-1.86,446.24,28,6,9,6,4,10,7,144,0,3,0,0,1,2,0
1o2x,180.78,-1.86,446.24,28,6,9,6,4,10,7,144,0,3,0,0,1,2,0
1o2z,190.01,-0.95,473.46,35,6,10,7,4,10,10,178,0,4,0,0,1,3,0
1o30,180.78,-0.82,461.43,34,6,9,6,4,10,8,172,0,4,0,0,1,3,0
1o33,113.41,-0.21,254.27,19,6,6,3,4,6,3,94,0,3,0,0,2,1,0
1o36,223.92,-1.05,488.44,36,6,12,8,4,12,9,182,0,4,0,0,1,3,0
1o38,128.16,0.85,373.46,28,9,6,2,5,6,7,140,0,4,0,0,1,3,0
1o3d,100.52,2.07,329.38,25,6,5,2,4,5,4,122,0,4,0,0,1,3,0
1o3f,87.63,2.67,328.39,25,6,4,1,4,4,4,122,0,4,0,0,1,3,0
1o3h,87.63,2.08,345.22,21,6,4,1,4,5,4,106,0,3,0,0,1,2,0
1o3i,87.63,2.08,345.22,21,6,4,1,4,5,4,106,0,3,0,0,1,2,0
1o3j,100.52,1.47,346.21,21,6,5,2,4,6,4,106,0,3,0,0,1,2,0
1o3k,100.52,1.47,346.21,21,6,5,2,4,6,4,106,0,3,0,0,1,2,0
1o3p,109.75,1.72,337.4,25,6,6,3,4,6,5,128,0,3,1,1,1,2,0
1o7o,226.33,-4.51,401.14,25,3,14,13,3,16,8,142,0,1,1,1,1,0,1
1o86,140.24,-2.37,402.47,29,4,8,6,2,8,13,158,1,1,0,1,0,1,0
1o8b,142.34,-3.73,228.09,14,3,8,8,3,9,6,84,0,0,1,1,0,0,1
1o9d,340.14,-6.62,674.6,46,11,19,13,8,20,25,258,5,1,0,0,0,1,0
1oai,429.03,-10.5,930.97,66,17,25,15,13,25,35,362,8,2,0,0,0,2,0
1oar,131.8,0.78,319.27,22,2,7,7,2,8,3,112,0,2,0,1,0,2,0
1oba,20.23,-0.32,104.17,7,1,2,1,1,2,6,44,0,0,0,0,0,0,0
1obx,215.43,-5.17,465.48,33,7,12,8,5,12,17,182,3,1,0,0,0,1,0
1ocq,151.87,-4.26,309.31,21,7,9,9,7,9,10,124,0,0,2,2,0,0,2
1od8,128.48,-3.31,263.25,18,5,8,7,5,8,6,104,1,0,2,2,0,0,2
1odj,159.51,-2.69,283.24,20,6,10,9,5,10,6,108,0,2,1,1,2,0,1
1ody,208.82,3.57,794.99,58,8,13,7,7,13,27,310,6,4,0,0,0,4,0
1oe8,166.1,-5.59,306.32,20,5,9,7,4,10,11,114,2,0,0,0,0,0,0
1ofz,90.15,-2.19,164.16,11,4,5,5,4,5,5,66,0,0,1,1,0,0,1
1ogg,261,-6.75,623.63,43,10,18,14,10,18,20,246,2,0,4,4,0,0,3
1ogx,37.3,3.94,266.34,20,1,2,2,1,2,2,102,0,2,1,2,0,2,0
1ohr,101.9,4.75,567.8,40,4,7,6,4,8,12,218,2,2,2,2,0,2,1
1oif,72.72,-2.08,147.17,10,4,4,4,4,4,4,60,0,0,1,1,0,0,1
1okl,63.4,1.55,250.32,17,2,4,3,1,5,5,90,0,2,0,0,0,2,0
1oko,110.38,-3.22,180.16,12,5,6,6,5,6,6,72,0,0,1,1,0,0,1
1ols,177.46,-1.05,422.3,26,2,11,11,1,14,11,144,0,2,0,0,2,0,0
1olu,177.46,-1.05,422.3,26,2,11,11,1,14,11,144,0,2,0,0,2,0,0
1olx,177.46,-1.05,422.3,26,2,11,11,1,14,11,144,0,2,0,0,2,0,0
1om1,77.4,1.23,291.29,22,1,5,4,1,5,2,108,0,4,0,0,2,2,0
1ony,218.93,-1.35,588.64,41,4,13,9,3,14,17,222,3,2,0,0,0,2,0
1onz,120.8,1.03,349.3,26,1,7,6,1,7,3,130,1,3,0,0,0,3,0
1ork,196.13,-3.37,516.55,37,9,12,8,8,12,13,198,2,1,1,3,0,1,0
1os0,137,0.77,493.52,35,4,7,5,2,8,13,184,1,3,0,0,0,3,0
1os5,92.78,6.95,495.68,35,4,5,6,3,6,10,188,0,2,1,2,0,2,0
1oss,51.61,-0.85,121.16,9,4,2,0,2,2,1,46,0,1,0,0,0,1,0
1ow4,69.23,3.49,298.34,21,1,4,4,1,5,3,106,0,3,0,0,0,3,0
1owd,92.74,2.15,373.48,28,6,5,2,4,5,5,142,1,3,0,1,0,3,0
1owe,80.71,1.56,290.35,22,5,4,1,3,4,3,108,1,3,0,0,0,3,0
1owh,108.35,0.3,320.4,24,8,5,1,4,5,5,120,1,3,0,0,0,3,0
1oyq,142.24,2.06,526.62,39,5,10,8,3,10,13,200,0,4,1,1,2,2,0
1oyt,92.23,0.61,407.47,30,4,6,3,2,7,4,154,2,2,3,3,0,2,3
1oz0,397.35,-5.71,811.61,57,8,24,20,6,25,19,302,3,4,1,1,3,1,1
1p19,185.68,-3.42,346.19,23,3,12,11,3,13,6,126,0,2,1,1,2,0,1
1p1n,92.29,-2.34,211.22,15,1,5,5,1,5,5,84,0,0,1,1,0,0,1
1p1o,135.77,-4.51,189.13,13,4,8,6,2,8,4,72,0,1,0,0,1,0,0
1p1q,113.77,-2.82,186.17,13,4,6,4,2,6,5,72,0,1,0,0,1,0,0
1p28,37.3,-0.04,88.11,6,1,2,2,1,2,4,36,0,0,0,0,0,0,0
1pa9,129.8,0.14,234.17,15,1,8,7,1,9,4,82,0,1,0,0,0,1,0
1pb8,88,-3.66,105.09,7,4,4,3,2,4,4,42,0,0,0,0,0,0,0
1pb9,65.97,-2.34,103.1,7,4,4,2,2,4,1,40,1,0,1,1,0,0,1
1pbk,195.43,6.18,914.19,65,3,14,13,3,14,19,366,1,0,3,4,0,0,2
1pbq,72.99,1.2,257.05,16,1,4,3,1,6,1,82,0,2,0,0,1,1,0
1pdz,112.55,-3.42,153.01,9,0,6,6,0,7,3,54,0,0,0,0,0,0,0
1pfu,90.83,-1.78,184.18,10,3,4,4,1,6,6,62,0,0,0,0,0,0,0
1pgp,193.47,-5.97,273.11,17,4,10,10,4,11,11,102,0,0,0,0,0,0,0
1pkx,205.65,-4.12,362.19,24,4,13,11,4,14,6,132,0,2,1,1,2,0,1
1pme,58.64,4.68,377.44,27,1,4,3,1,6,5,134,0,4,0,0,2,2,0
1pot,71.89,-2.8,148.27,10,8,3,0,3,3,9,62,0,0,0,0,0,0,0
1ppc,147.19,0.32,522.65,37,6,9,4,4,10,9,194,2,3,1,1,0,3,1
1pph,118.09,0.36,429.57,30,5,7,3,3,8,8,160,1,2,1,1,0,2,1
1ppi,404.9,-11.77,808.76,55,18,24,23,17,24,29,320,0,0,4,5,0,0,4
1ppk,153.73,2,518.61,35,3,10,7,3,11,24,204,3,0,0,0,0,0,0
1ppl,162.96,3.16,610.71,42,3,11,8,3,12,26,238,3,1,0,0,0,1,0
1ppm,172.19,2.65,604.62,42,3,12,9,3,13,20,230,3,2,0,0,0,2,0
1pr1,144.35,-2.2,268.23,19,5,9,7,5,9,5,102,0,2,1,1,2,0,1
1pr5,126.65,-1.38,266.26,19,5,8,8,4,8,6,102,0,2,1,1,2,0,1
1pro,105.94,4.94,583.69,43,3,9,7,3,9,15,224,2,4,1,1,0,4,1
1ps3,130.33,-4.27,232.19,16,5,8,6,5,8,5,90,2,0,2,2,0,0,2
1pu7,60.61,-0.63,164.19,12,2,5,4,1,5,3,62,0,2,0,0,2,0,0
1pu8,61.46,0.02,160.16,12,2,5,2,2,5,0,58,0,3,0,0,3,0,0
1pvn,197.87,-5,337.18,22,4,12,10,3,13,7,124,2,0,1,2,0,0,1
1px4,90.15,-1.07,238.31,15,4,5,6,4,6,9,90,0,0,1,1,0,0,1
1pxn,82.96,3.4,313.39,22,3,6,7,3,7,7,112,0,3,0,0,2,1,0
1pxo,119.86,3.14,328.36,23,3,8,8,2,9,6,116,0,3,0,0,2,1,0
1pxp,53.94,4.03,325.44,23,1,5,6,1,6,8,118,0,3,0,0,2,1,0
1pyn,212.68,-0.16,602.59,43,3,14,12,3,14,17,234,2,2,0,0,0,2,0
1pz5,399.16,-6.01,974.11,67,14,24,15,11,26,34,366,8,3,0,0,2,1,0
1pzi,162.75,-1.73,331.28,23,5,10,9,5,10,10,128,0,1,1,1,0,1,1
1pzo,51.36,2.4,338.24,22,4,5,5,4,7,5,116,0,2,1,1,0,2,1
1pzp,102.31,2.66,305.34,23,3,7,6,3,7,6,114,0,3,0,0,1,2,0
1q1g,114.03,-0.65,296.35,20,5,7,6,5,8,6,108,0,2,1,1,2,0,1
1q54,142.01,-1.15,339.98,16,1,8,8,1,11,9,98,0,0,0,0,0,0,0
1q63,126.47,1.1,288.34,20,6,7,6,4,8,5,102,0,3,0,0,2,1,0
1q65,101.03,0.88,293.4,20,5,6,6,3,7,9,108,0,2,0,0,1,1,0
1q66,99.41,1.54,313.41,22,6,5,4,3,6,6,112,0,3,0,0,1,2,0
1q7a,60.85,3.49,324.38,24,1,5,3,1,5,7,124,2,2,1,1,0,2,1
1q84,111.55,8.05,661.88,50,5,8,7,3,8,14,252,0,7,0,1,3,4,0
1q8t,69.63,1.46,248.35,18,4,4,2,2,4,5,98,1,1,1,1,1,0,0
1q8u,66.88,0.89,320.44,22,2,5,3,1,6,4,118,0,2,1,1,1,1,1
1q8w,62.3,1.22,291.38,20,1,5,4,1,6,2,106,0,2,1,1,1,1,1
1q91,145.74,-0.73,408.3,28,1,10,9,1,11,4,150,0,2,2,2,1,1,2
1q95,172.55,-5.73,251.09,16,1,9,8,1,10,6,92,1,0,0,0,0,0,0
1qan,187.08,-3.49,384.42,26,7,11,11,4,12,11,142,0,2,1,1,2,0,1
1qaw,83.56,-0.93,204.23,15,4,4,2,2,4,4,78,0,2,0,0,1,1,0
1qb1,164.38,1.48,564.55,41,5,11,9,3,13,10,212,0,4,1,1,2,2,1
1qb6,134.57,0.18,399.4,29,8,7,3,4,9,7,148,0,3,0,0,1,2,0
1qb9,92.86,4.3,490.63,37,5,6,3,3,6,6,186,0,5,1,1,1,4,1
1qbn,167.43,3.74,431.41,32,6,10,8,5,10,8,160,0,4,0,0,2,2,0
1qbo,105.75,2.85,455.59,34,5,7,4,3,7,7,174,0,4,1,1,1,3,1
1qbq,83.42,2.64,300.33,20,1,4,4,1,5,13,116,0,0,0,0,0,0,0
1qbr,147.99,6.49,758.93,54,4,11,9,4,13,14,274,4,6,1,1,2,4,1
1qbs,104.47,4.05,566.7,42,4,7,5,4,7,14,218,2,4,1,1,0,4,1
1qbt,179.57,7.33,824.94,62,6,13,7,6,13,14,310,4,8,1,1,2,6,1
1qbu,106,4.99,596.75,43,3,8,6,3,9,12,222,3,4,2,2,1,3,1
1qbv,106.55,-0.76,383.5,28,6,7,3,3,7,9,148,2,2,1,1,1,1,1
1qca,106.89,4.33,515.71,37,2,6,6,2,6,14,208,0,0,4,4,0,0,0
1qf0,118.56,1.44,491.59,35,3,7,6,4,8,13,182,2,3,0,0,0,3,0
1qf1,98.33,0.85,379.5,26,2,6,5,3,7,14,144,2,1,0,0,0,1,0
1qf2,89.54,1.13,411.5,29,1,6,5,2,7,8,152,2,2,1,1,0,2,1
1qft,56.32,-0.81,112.16,8,4,3,1,2,3,3,44,0,1,0,0,1,0,0
1qhc,415.96,-6.08,791.3,50,4,27,26,3,31,16,278,0,3,2,2,3,0,2
1qi0,189.53,-5.4,342.3,23,8,11,11,8,11,12,136,0,0,2,2,0,0,2
1qin,206.64,-3.17,567.34,31,6,12,9,4,14,13,170,3,1,0,0,0,1,0
1qiw,51.68,5.84,518.79,38,4,4,2,2,4,22,206,0,3,0,0,0,3,0
1qji,202.12,1.81,741.82,52,5,14,9,3,15,20,284,4,2,2,2,0,2,2
1qka,247.26,-7.73,433.58,30,16,12,4,8,12,20,174,2,0,0,0,0,0,0
1qkb,181.25,-4.2,375.51,26,11,9,4,5,9,19,152,2,0,0,0,0,0,0
1qpb,60.16,-0.94,87.08,6,2,3,2,1,3,2,34,1,0,0,0,0,0,0
1qq9,67.77,-1.9,149.22,9,3,3,3,1,4,6,54,0,0,0,0,0,0,0
1qsc,329.62,-4.66,789.84,56,9,20,13,8,20,28,310,7,1,1,1,0,1,1
1qxk,183.55,0.04,517.51,37,4,12,10,4,12,18,200,2,2,0,0,0,2,0
1qy1,35.01,1.68,166.22,12,0,3,3,0,3,6,66,0,1,0,0,1,0,0
1qy2,35.01,1.61,152.2,11,0,3,3,0,3,5,60,0,1,0,0,1,0,0
1qy5,148.41,-1.84,308.3,22,5,10,9,4,10,7,118,1,2,1,1,2,0,1
1r0p,94.72,3.66,467.48,35,2,8,7,2,8,4,174,1,5,1,3,2,3,1
1r0x,290.45,-4.16,503.15,31,4,18,18,3,21,11,174,0,2,1,1,2,0,1
1r1h,137,-0.01,417.42,29,4,7,5,2,8,12,156,1,2,0,0,0,2,0
1r1j,98.33,0.51,399.49,28,2,6,5,3,7,11,148,2,2,0,0,0,2,0
1r4w,166.1,-5.59,306.32,20,5,9,7,4,10,11,114,2,0,0,0,0,0,0
1r5y,97.79,0.09,176.18,13,5,5,4,3,5,2,66,0,2,0,0,1,1,0
1r6n,138.38,4.33,607.45,41,1,9,9,1,12,6,206,1,4,1,2,1,3,1
1r9l,40.13,-1.56,117.15,8,0,3,2,0,3,5,48,0,0,0,0,0,0,0
1rbo,245.66,-7.12,351.07,21,3,13,13,3,15,12,126,0,0,0,0,0,0,0
1rbp,20.23,5.51,286.46,21,1,1,1,1,1,11,116,0,0,0,1,0,0,0
1rd4,88.81,4.88,478.57,34,0,8,7,0,9,9,176,1,3,1,1,1,2,1
1rdi,79.15,-1.54,178.18,12,3,5,5,3,5,6,72,0,0,1,1,0,0,1
1rdj,90.15,-2.19,164.16,11,4,5,5,4,5,5,66,0,0,1,1,0,0,1
1rdl,110.38,-3.22,180.16,12,5,6,6,5,6,6,72,0,0,1,1,0,0,1
1rdn,119.25,-3.08,221.21,15,5,7,6,5,7,7,88,1,0,1,1,0,0,1
1rdt,53.27,4.94,375.49,28,0,3,3,0,3,7,146,0,2,0,2,1,1,0
1re8,124.96,3.04,474.51,35,4,8,7,4,8,8,180,1,3,1,1,0,3,1
1rej,107.89,1.81,370.4,27,4,7,6,4,7,6,142,1,2,1,1,0,2,1
1rek,134.19,4.56,560.65,41,4,9,8,4,9,14,216,1,3,1,1,0,3,1
1rgk,191.73,-3.13,345.21,23,4,12,12,3,13,7,126,0,2,1,1,2,0,1
1rgl,211.7,-3.83,361.21,24,5,13,12,4,14,7,132,0,2,1,1,2,0,1
1rnt,211.7,-3.83,361.21,24,5,13,12,4,14,7,132,0,2,1,1,2,0,1
1ro6,47.56,2.62,275.35,20,1,4,3,1,4,5,108,1,1,2,2,0,1,1
1ro7,328.57,-7.29,630.43,42,9,20,19,8,22,19,238,1,1,2,2,1,0,2
1rp7,195.58,-1.18,437.29,27,2,12,13,1,15,11,150,0,2,0,0,2,0,0
1rpj,110.38,-3.22,180.16,12,5,6,6,5,6,6,72,0,0,1,1,0,0,1
1rql,57.2,-0.32,107.11,6,0,3,3,0,4,1,36,0,0,0,0,0,0,0
1rzx,302.73,-5.04,714.84,50,10,18,11,8,18,33,286,6,0,0,0,0,0,0
1s38,71.77,0.81,175.19,13,3,4,3,2,4,2,66,0,2,0,0,1,1,0
1s39,71.77,0.51,161.16,12,3,4,3,2,4,1,60,0,2,0,0,1,1,0
1s63,65.16,3.31,405.89,29,0,6,5,0,7,5,146,1,3,1,1,1,2,1
1sb1,134.49,3.15,573.79,39,4,9,7,3,11,10,212,2,2,2,3,1,1,1
1sbg,116.34,4.97,534.7,39,4,8,5,4,8,15,210,2,3,0,0,1,2,0
1sc8,176.21,-2.64,448.52,31,8,10,5,6,11,12,166,2,2,0,0,0,2,0
1sdt,118.03,2.87,613.8,45,4,9,7,4,9,13,240,2,3,1,2,1,2,1
1sdu,118.03,2.87,613.8,45,4,9,7,4,9,13,240,2,3,1,2,1,2,1
1sdv,118.03,2.87,613.8,45,4,9,7,4,9,13,240,2,3,1,2,1,2,1
1sgu,118.03,2.87,613.8,45,4,9,7,4,9,13,240,2,3,1,2,1,2,1
1sgx,211.7,-3.83,361.21,24,5,13,12,4,14,7,132,0,2,1,1,2,0,1
1sh9,145.78,5.91,720.96,50,4,11,9,4,13,23,268,4,4,0,0,2,2,0
1siv,190.57,-0.56,578.73,41,8,12,7,6,12,25,230,4,1,0,0,0,1,0
1sld,280.67,-2.22,772.91,53,10,18,11,8,20,10,286,8,2,2,2,1,1,2
1sle,321.29,-3.85,877.02,60,10,22,13,8,24,8,328,10,1,4,4,1,0,4
1slg,388.9,-7.52,829.87,59,15,23,13,11,23,27,322,8,2,1,1,1,1,1
1sln,180.95,-3.05,483.59,35,9,10,4,6,10,15,188,2,2,0,0,0,2,0
1sqa,146.16,0.83,413.48,31,9,8,4,5,8,7,154,1,4,0,0,1,3,0
1sqn,37.3,3.57,300.44,22,1,2,2,1,2,2,120,0,0,4,4,0,0,0
1sqo,89.42,0.84,264.31,20,5,5,3,3,5,3,98,0,3,0,0,1,2,0
1sqt,110.25,-0.82,349.44,24,5,7,4,3,8,6,128,0,2,1,1,0,2,1
1sr7,93.81,5.09,523.45,35,1,6,6,1,8,8,190,0,1,3,4,1,0,0
1srg,85.08,3.18,255.25,19,1,5,5,1,5,4,96,0,2,0,0,0,2,0
1sri,85.08,3.49,269.28,20,1,5,5,1,5,5,102,0,2,0,0,0,2,0
1ssq,67.77,-2.72,121.16,7,3,3,3,2,4,4,42,0,0,0,0,0,0,0
1stc,74.03,3.33,467.55,35,3,7,5,2,7,5,176,1,5,1,3,2,3,1
1str,343.99,-5.68,739.81,51,13,21,12,11,22,24,282,9,1,1,1,1,0,1
1sts,371.63,-5.84,845.96,59,16,22,12,12,23,27,322,9,2,1,1,1,1,1
1sv3,49.36,0.06,151.14,11,0,3,3,0,3,3,58,0,1,0,0,0,1,0
1sw1,40.13,-1.02,143.19,10,0,3,2,0,3,3,58,0,0,1,1,0,0,1
1sw2,40.13,-1.56,117.15,8,0,3,2,0,3,5,48,0,0,0,0,0,0,0
1swg,81.26,-0.54,243.31,16,2,5,4,2,6,5,90,2,0,2,2,0,0,2
1swr,81.26,-0.54,243.31,16,2,5,4,2,6,5,90,2,0,2,2,0,0,2
1syh,122.63,-3.61,239.23,17,4,7,5,2,7,4,92,0,1,0,1,1,0,0
1syi,122.63,-3.61,239.23,17,4,7,5,2,7,4,92,0,1,0,1,1,0,0
1szd,297.18,-4.55,557.3,36,7,19,19,6,21,15,202,0,2,2,2,2,0,2
1t31,120.88,6.36,668.69,49,0,8,6,0,9,8,246,2,6,1,1,0,6,1
1t32,120.88,6.36,668.69,49,0,8,6,0,9,8,246,2,6,1,1,0,6,1
1t4v,104.78,0.97,395.91,27,5,7,3,3,8,10,148,1,1,1,1,0,1,0
1t5f,108.23,-2.78,177.2,12,5,5,4,3,5,9,72,0,0,0,0,0,0,0
1t7d,257.84,-2.98,683.7,49,7,17,11,7,17,17,264,6,2,0,1,0,2,0
1t7j,131.19,2.4,505.64,35,4,9,7,3,10,15,192,1,2,1,1,0,2,1
1ta2,77.05,4.04,497.45,34,4,5,2,2,7,8,176,2,3,1,1,0,3,1
1ta6,115.38,1.65,480.03,33,5,8,4,3,9,11,182,3,1,2,2,0,1,1
1tcw,116.34,4.97,534.7,39,4,8,5,4,8,15,210,2,3,0,0,1,2,0
1tcx,116.34,4.97,534.7,39,4,8,5,4,8,15,210,2,3,0,0,1,2,0
1thz,217.04,0.37,493.46,33,1,13,12,1,15,8,174,0,3,0,0,1,2,0
1tkb,164.57,-0.45,421.31,26,2,10,10,1,13,11,144,0,2,0,0,2,0,0
1tlp,216.33,-1.74,541.49,37,6,13,10,6,14,17,206,1,2,1,1,1,1,1
1tmn,141.76,-0.33,478.57,35,4,8,5,3,8,15,186,1,3,0,0,1,2,0
1tng,27.64,0.81,114.21,8,3,1,0,1,1,2,48,0,0,1,1,0,0,0
1tnh,27.64,0.57,126.15,9,3,1,0,1,2,2,48,0,1,0,0,0,1,0
1tni,27.64,1.25,150.25,11,3,1,0,1,1,5,60,0,1,0,0,0,1,0
1tnj,27.64,0.47,122.19,9,3,1,0,1,1,3,48,0,1,0,0,0,1,0
1tnk,27.64,0.86,136.22,10,3,1,0,1,1,4,54,0,1,0,0,0,1,0
1tnl,27.64,0.78,134.2,10,3,1,0,1,1,2,52,0,1,1,1,0,1,0
1tog,40.13,0.37,149.17,11,0,2,2,0,2,3,58,0,1,0,0,0,1,0
1toi,40.13,0.37,149.17,11,0,2,2,0,2,3,58,0,1,0,0,0,1,0
1toj,40.13,0.37,149.17,11,0,2,2,0,2,3,58,0,1,0,0,0,1,0
1tok,80.26,-2.96,114.06,8,0,4,4,0,4,2,44,0,0,0,0,0,0,0
1tom,93.66,-0.3,388.56,28,6,6,2,3,6,9,154,2,1,2,2,0,1,1
1tq4,261.06,-4.35,440.18,28,5,16,15,4,18,9,156,0,2,1,1,2,0,1
1trd,121.75,-2.66,169.03,10,2,7,6,2,8,4,60,1,0,0,0,0,0,0
1tsl,66.76,6.02,437.28,30,2,4,4,2,6,4,148,0,4,0,1,0,4,0
1tsy,156.74,-2.97,306.17,20,2,10,9,2,11,5,112,0,1,1,1,1,0,1
1ttm,99.6,1.64,309.34,21,2,6,5,1,7,3,112,0,2,0,1,1,1,0
1tuf,80.26,-0.78,186.21,13,0,4,4,0,4,8,76,0,0,0,0,0,0,0
1tvo,100.37,2.34,328.36,25,4,7,4,3,7,3,120,0,5,0,0,4,1,0
1tx7,91.74,-1.96,198.16,13,4,4,2,2,5,3,70,0,1,0,0,0,1,0
1txr,117.1,-1.52,308.38,22,5,6,4,3,6,12,122,1,1,0,0,0,1,0
1tys,156.74,-2.66,320.19,21,2,10,9,2,11,6,118,0,1,1,1,1,0,1
1u1b,415.96,-5.77,805.33,51,4,27,26,3,31,17,284,0,3,2,2,3,0,2
1u1w,86.38,0.04,152.13,11,3,4,4,2,4,2,58,0,1,0,0,0,1,0
1u2y,122.38,-2.87,192.17,13,5,7,7,5,7,6,76,0,0,1,1,0,0,1
1u33,269.68,-6.57,530.48,36,10,17,17,10,17,19,210,0,0,3,3,0,0,3
1ua4,191.73,-3.13,345.21,23,4,12,12,3,13,7,126,0,2,1,1,2,0,1
1ucn,241.09,-3.64,424.18,27,4,15,15,3,17,9,150,0,2,1,1,2,0,1
1udt,113.42,1.61,474.59,33,1,10,8,1,11,11,178,0,3,1,1,2,1,1
1ugp,40.13,-0.46,87.1,6,0,2,2,0,2,3,36,0,0,0,0,0,0,0
1ugx,187.4,-4.6,397.38,27,7,12,11,7,12,14,158,1,0,2,2,0,0,2
1uho,115.49,1.49,489.62,34,2,10,6,2,11,12,184,0,3,1,1,2,1,1
1ui0,65.72,-0.94,112.09,8,2,4,2,2,4,0,42,0,1,0,0,1,0,0
1uj5,147.02,-3.68,226.08,14,2,8,8,2,9,8,82,0,0,0,0,0,0,0
1uj6,150.18,-3.89,228.09,14,3,8,8,3,9,9,84,0,0,0,0,0,0,0
1ulg,198.4,-5.25,383.35,26,8,12,11,8,12,13,152,1,0,2,2,0,0,2
1umw,353.71,-5.81,849.88,57,9,22,16,8,24,29,324,7,0,2,2,0,0,2
1uou,94.98,-0.28,242.67,16,4,6,4,3,7,3,86,0,1,0,1,1,0,0
1upf,65.72,-0.8,130.08,9,2,4,2,2,5,0,48,0,1,0,0,1,0,0
1ur9,237.73,-2.87,556.53,39,8,16,13,8,16,15,216,3,1,2,2,0,1,2
1urg,189.53,-5.4,342.3,23,8,11,11,8,11,12,136,0,0,2,2,0,0,2
1usn,98.91,2.37,427.38,27,4,7,5,4,14,6,146,3,2,0,0,1,1,0
1utc,302.46,-0.73,914.07,66,11,19,10,9,19,30,356,6,4,1,1,2,2,1
1utj,27.64,0.43,108.16,8,3,1,0,1,1,2,42,0,1,0,0,0,1,0
1utl,27.64,0.86,136.22,10,3,1,0,1,1,4,54,0,1,0,0,0,1,0
1utm,27.64,0.47,122.19,9,3,1,0,1,1,3,48,0,1,0,0,0,1,0
1utn,27.64,0.43,108.16,8,3,1,0,1,1,2,42,0,1,0,0,0,1,0
1uto,27.64,0.47,122.19,9,3,1,0,1,1,3,48,0,1,0,0,0,1,0
1utp,27.64,1.25,150.25,11,3,1,0,1,1,5,60,0,1,0,0,0,1,0
1uv6,52.32,-0.21,147.2,10,2,4,2,1,4,6,60,1,0,0,0,0,0,0
1uvt,84.9,2.46,384.48,27,3,6,4,2,7,9,140,0,3,0,0,1,2,0
1uw6,16.13,1.85,162.24,12,0,2,2,0,2,2,64,0,1,1,1,1,0,1
1uwf,99.38,-1.4,236.26,16,4,6,6,4,6,10,96,0,0,1,1,0,0,1
1uwt,122.38,-2.87,192.17,13,5,7,7,5,7,6,76,0,0,1,1,0,0,1
1uwu,122.38,-2.87,192.17,13,5,7,7,5,7,6,76,0,0,1,1,0,0,1
1ux7,138.07,-3.46,296.27,20,5,9,9,5,9,9,118,0,0,2,2,0,0,2
1uxa,258.76,-7.38,470.4,32,9,15,14,9,15,17,186,1,0,2,2,0,0,2
1uxb,258.76,-7.38,470.4,32,9,15,14,9,15,17,186,1,0,2,2,0,0,2
1uz1,89.79,-2.55,161.16,11,4,5,4,4,5,4,64,1,0,1,1,0,0,1
1uz4,89.79,-2.55,161.16,11,4,5,4,4,5,4,64,1,0,1,1,0,0,1
1uz8,246.32,-5.75,543.52,37,9,16,15,9,16,19,216,1,0,3,3,0,0,3
1v0k,131.64,-3.86,265.26,18,6,8,8,6,8,7,106,0,0,2,2,0,0,2
1v0l,111.41,-2.84,249.26,17,5,7,7,5,7,6,100,0,0,2,2,0,0,2
1v11,177.46,-1.05,422.3,26,2,11,11,1,14,11,144,0,2,0,0,2,0,0
1v16,177.46,-1.05,422.3,26,2,11,11,1,14,11,144,0,2,0,0,2,0,0
1v1j,100.82,-2.55,191.13,13,3,5,5,3,6,4,74,0,0,0,1,0,0,0
1v1m,177.46,-1.05,422.3,26,2,11,11,1,14,11,144,0,2,0,0,2,0,0
1v2j,51.61,-0.85,121.16,9,4,2,0,2,2,1,46,0,1,0,0,0,1,0
1v2k,73.82,3.64,499.04,34,0,7,5,0,9,4,178,1,3,2,2,1,2,2
1v2l,51.61,-0.85,121.16,9,4,2,0,2,2,1,46,0,1,0,0,0,1,0
1v2n,120.29,0.23,374.49,28,8,5,1,4,5,4,142,0,2,1,1,0,2,0
1v2o,153.18,-1.36,433.51,30,6,9,5,4,10,11,160,1,2,0,0,0,2,0
1v2q,153.18,-1.36,433.51,30,6,9,5,4,10,11,160,1,2,0,0,0,2,0
1v2r,153.18,-1.36,433.51,30,6,9,5,4,10,11,160,1,2,0,0,0,2,0
1v2s,51.61,-0.85,121.16,9,4,2,0,2,2,1,46,0,1,0,0,0,1,0
1v2t,153.18,-1.36,433.51,30,6,9,5,4,10,11,160,1,2,0,0,0,2,0
1v2u,51.61,-0.85,121.16,9,4,2,0,2,2,1,46,0,1,0,0,0,1,0
1v2w,153.18,-1.36,433.51,30,6,9,5,4,10,11,160,1,2,0,0,0,2,0
1v48,152.78,-0.62,335.21,22,3,9,8,2,12,7,122,0,2,0,0,2,0,0
1vfn,74.43,-0.35,136.11,10,2,5,3,2,5,0,50,0,2,0,0,2,0,0
1vj9,185.44,-1.05,568.68,40,8,11,6,6,12,16,212,2,3,0,0,0,3,0
1vja,196.44,-3.28,478.55,33,9,11,6,7,12,14,178,2,2,0,0,0,2,0
1vjc,290.45,-4.16,503.15,31,4,18,18,3,21,11,174,0,2,1,1,2,0,1
1vjd,290.45,-4.16,503.15,31,4,18,18,3,21,11,174,0,2,1,1,2,0,1
1vjj,261.06,-4.35,440.18,28,5,16,15,4,18,9,156,0,2,1,1,2,0,1
1vkj,243.92,-4.27,423.17,27,3,15,15,2,17,8,150,0,2,1,1,2,0,1
1vot,60.5,1.28,243.33,18,4,3,1,2,3,3,94,0,1,0,2,1,0,0
1vwl,348.93,-3.94,945.14,66,13,23,12,9,24,13,364,10,1,4,4,1,0,4
1vwn,277.71,-3.35,758.86,52,8,18,12,7,20,9,280,7,2,2,2,1,1,2
1vyf,40.13,4.77,281.46,20,0,2,2,0,2,16,118,0,0,0,0,0,0,0
1vyg,40.13,4.88,303.47,22,0,2,2,0,2,15,124,0,0,0,0,0,0,0
1vyq,73.32,4.17,472.52,35,1,6,5,1,7,7,178,0,4,1,1,1,3,1
1vzq,130.92,-0.83,449.49,33,5,9,6,3,9,5,170,2,2,3,4,0,2,3
1w0y,128.27,1.72,455.56,32,6,8,5,4,9,12,168,0,3,0,0,0,3,0
1w1d,330.14,-8.42,492.01,28,2,18,18,2,22,10,168,0,0,1,1,0,0,0
1w1g,356.77,-8.41,567.1,33,4,20,20,4,24,16,198,0,0,1,1,0,0,0
1w2g,104.55,-1.51,242.23,17,3,7,6,3,7,5,94,0,1,1,1,1,0,1
1w3j,81.95,-2.4,149.15,10,4,5,5,4,5,4,60,0,0,1,1,0,0,1
1w3l,240.25,-6.75,473.43,32,10,15,15,10,15,16,188,0,0,3,3,0,0,3
1w4o,176.97,-4,322.17,21,3,11,10,3,12,6,118,0,1,1,1,1,0,1
1w4p,156.74,-2.97,306.17,20,2,10,9,2,11,5,112,0,1,1,1,1,0,1
1w4q,156.74,-3.02,324.16,21,2,10,9,2,12,5,118,0,1,1,1,1,0,1
1w5v,157.58,2.71,688.72,50,6,10,8,6,12,17,262,2,4,0,2,0,4,0
1w5w,157.58,2.98,724.7,52,6,10,8,6,14,17,274,2,4,0,2,0,4,0
1w5x,157.58,2.98,724.7,52,6,10,8,6,14,17,274,2,4,0,2,0,4,0
1w5y,157.58,2.98,724.7,52,6,10,8,6,14,17,274,2,4,0,2,0,4,0
1w6y,37.3,3.94,266.34,20,1,2,2,1,2,2,102,0,2,1,2,0,2,0
1w7g,163.37,-2.74,509.6,34,9,10,4,5,14,12,192,1,1,1,1,0,1,1
1w7x,151.33,1.5,538.6,40,6,9,6,4,9,13,204,1,4,0,0,0,4,0
1w8l,20.31,1.26,141.21,10,0,2,1,0,2,2,58,1,0,1,1,0,0,1
1w8m,46.61,0.56,185.22,13,0,4,3,0,4,2,74,1,0,1,1,0,0,1
1w96,103.68,3.8,520.66,37,2,8,8,2,8,12,208,0,1,1,2,0,1,1
1wc1,270.55,-3.41,520.23,31,5,17,18,4,21,12,174,0,2,1,1,2,0,1
1wcq,167.12,-5.64,293.27,20,7,9,8,6,9,12,116,0,0,0,1,0,0,0
1wdn,110.86,-3.39,146.15,10,5,5,3,2,5,5,58,1,0,0,0,0,0,0
1we2,100.82,-2.85,173.14,12,3,5,5,3,5,4,68,0,0,0,1,0,0,0
1wei,80.48,-0.06,135.13,10,3,5,4,2,5,1,50,0,2,0,0,2,0,0
1wht,80.26,-1.26,206.2,15,0,4,4,0,4,5,80,0,1,0,0,0,1,0
1wkm,67.77,-1.9,149.22,9,3,3,3,1,4,6,54,0,0,0,0,0,0,0
1wm1,68.02,1.3,223.28,16,1,5,5,1,5,2,88,0,1,1,1,1,0,1
1ws1,138.87,-0.04,398.48,28,3,9,6,3,9,15,160,3,0,1,1,0,0,1
1ws4,99.38,-2.57,194.18,13,4,6,6,4,6,7,78,0,0,1,1,0,0,1
1ws5,99.38,-2.57,194.18,13,4,6,6,4,6,7,78,0,0,1,1,0,0,1
1wvc,281.74,-4.74,479.12,29,4,17,17,3,20,11,166,0,1,1,1,1,0,1
1wvj,113.77,-1.56,238.24,17,4,6,4,2,6,4,92,0,1,0,1,1,0,0
1x1z,188.59,-4.25,338.16,22,3,12,10,3,13,6,124,4,0,2,2,0,0,2
1x38,98.74,-0.15,276.29,20,4,6,6,4,6,6,106,0,2,0,1,1,1,0
1x39,110.77,-0.2,305.33,22,5,7,7,5,7,8,118,0,2,0,1,1,1,0
1x8d,86.99,-1.99,162.14,11,3,5,5,3,5,4,64,0,0,1,1,0,0,1
1x8j,37.3,3.96,290.45,21,1,2,2,1,2,3,118,0,0,4,4,0,0,0
1x8r,245.33,-6.59,400.12,25,1,13,13,1,15,9,144,0,0,0,1,0,0,0
1x8t,245.33,-6.59,400.12,25,1,13,13,1,15,9,144,0,0,0,1,0,0,0
1x9d,169.3,-4.03,372.39,24,7,10,11,7,11,13,142,0,0,2,2,0,0,2
1xap,40.13,4.96,347.48,26,0,2,2,0,2,8,136,0,2,0,1,0,2,0
1xbb,86.28,4.59,493.61,37,2,8,7,2,8,9,188,1,4,1,1,2,2,1
1xbo,142.15,1.78,424.38,31,2,9,9,2,9,11,160,0,3,0,0,1,2,0
1xd0,400.32,-10.66,809.77,55,17,24,24,17,24,29,322,0,0,5,5,0,0,4
1xd1,479.47,-12.92,969.89,66,20,29,29,20,29,35,384,0,0,5,6,0,0,5
1xff,107.9,-4.12,146.12,10,3,5,4,1,5,5,58,0,0,0,0,0,0,0
1xge,98.33,-2.67,157.11,11,2,6,4,2,6,1,60,3,0,1,1,0,0,1
1xgi,129.44,0.82,327.32,21,1,8,7,1,10,5,110,0,2,0,0,1,1,0
1xgj,146.66,-0.32,341.32,22,2,8,8,2,10,5,116,0,2,0,0,1,1,0
1xh9,123.66,2.36,501.59,37,4,9,7,4,9,10,192,2,3,1,1,1,2,1
1xhy,92.29,-2.26,213.23,15,1,5,5,1,5,6,86,0,0,1,1,0,0,1
1xjd,69.45,4.35,466.54,35,2,7,6,2,7,5,176,1,5,1,3,2,3,1
1xk5,404.08,-5.96,828.48,54,8,28,25,7,31,21,298,0,4,2,2,4,0,2
1xk9,65.2,2.18,295.34,22,2,5,3,2,5,5,112,1,3,0,0,1,2,0
1xka,121.24,-0.28,389.48,29,6,6,3,3,6,9,148,0,3,0,0,1,2,0
1xkk,106.35,6.14,581.07,40,2,8,8,2,11,12,206,0,5,0,0,2,3,0
1xpz,127.13,1.2,370.39,26,2,9,8,1,10,7,132,0,3,0,0,1,2,0
1xq0,127.13,1.96,449.29,27,2,9,8,1,11,7,138,0,3,0,0,1,2,0
1xt8,67.77,-2.72,121.16,7,3,3,3,2,4,4,42,0,0,0,0,0,0,0
1xzx,97.23,1.9,650.98,23,4,5,4,2,8,7,122,0,2,0,0,0,2,0
1y0l,83.97,1.16,260.32,19,2,5,5,1,5,8,102,0,2,0,0,1,1,0
1y1m,67.77,-1.71,129.16,9,3,3,2,1,3,2,52,0,0,1,1,0,0,0
1y1z,67.77,-2.1,115.13,8,3,3,2,1,3,2,46,0,0,1,1,0,0,0
1y20,67.77,-2.49,101.1,7,3,3,2,1,3,2,40,0,0,1,1,0,0,0
1y2f,84.82,2.61,424.96,30,4,7,6,2,8,8,156,0,3,1,1,2,1,1
1y2g,63.39,3.44,343.39,26,0,6,5,0,6,5,128,1,4,0,0,2,2,0
1y3g,138.79,2.39,469.62,32,4,8,6,4,9,20,182,2,1,0,0,0,1,0
1y3n,209.1,-6.73,350.23,24,5,12,12,5,12,9,136,0,0,1,2,0,0,1
1y3p,407.2,-13.56,700.46,48,9,24,24,9,24,19,272,0,0,3,4,0,0,3
1y6q,91.06,0.7,293.4,20,4,6,6,3,7,7,108,0,2,1,1,2,0,1
1y6r,120.08,-0.36,295.37,20,6,7,7,5,8,7,108,0,2,1,1,2,0,1
1yc1,127.73,2.51,367.34,27,3,8,7,3,8,6,138,0,3,0,1,1,2,0
1yc4,97.82,2.44,270.29,20,4,6,4,4,6,6,102,0,3,0,0,2,1,0
1yda,115.04,-0.86,222.25,13,3,7,6,2,9,4,72,1,1,0,0,1,0,0
1ydb,115.04,-0.86,222.25,13,3,7,6,2,9,4,72,1,1,0,0,1,0,0
1ydd,115.04,-0.86,222.25,13,3,7,6,2,9,4,72,1,1,0,0,1,0,0
1ydk,166.1,-3.21,390.48,26,5,9,7,3,10,17,150,2,0,0,0,0,0,0
1ydr,66.88,0.19,292.38,20,2,5,3,1,6,3,106,0,2,1,1,1,1,1
1yds,75.67,-0.29,266.35,18,3,5,3,2,6,6,96,0,2,0,0,1,1,0
1ydt,75.67,2.55,447.38,27,3,5,3,2,7,8,140,0,3,0,0,1,2,0
1yei,161.73,-0.83,344.22,23,1,10,8,1,11,9,126,1,1,0,0,0,1,0
1yej,161.73,0.73,400.32,27,1,10,8,1,11,13,150,1,1,0,0,0,1,0
1yfz,185.68,-3.42,346.19,23,3,12,11,3,13,6,126,0,2,1,1,2,0,1
1yid,290.45,-4.16,503.15,31,4,18,18,3,21,11,174,0,2,1,1,2,0,1
1ykp,80.59,0.16,153.11,11,2,4,4,2,4,2,58,0,1,0,0,0,1,0
1yqj,53.94,5.38,457.58,35,1,5,5,1,5,5,172,0,5,1,1,2,3,1
1yqy,104.73,0.71,346.38,23,3,7,5,3,9,7,128,1,1,1,1,0,1,1
1yvm,41.57,2.69,201.25,14,1,3,3,1,4,1,68,0,3,0,0,2,1,0
1z1h,125.04,3.13,573.76,40,3,9,6,3,10,14,220,2,2,0,2,0,2,0
1z1r,168.13,1.34,588.73,41,5,11,7,4,12,13,224,3,2,0,2,0,2,0
1z3t,189.53,-5.4,342.3,23,8,11,11,8,11,12,136,0,0,2,2,0,0,2
1z3v,189.53,-5.4,342.3,23,8,11,11,8,11,12,136,0,0,2,2,0,0,2
1z4n,162.57,-4.37,258.12,16,4,9,9,4,10,7,96,0,0,1,1,0,0,1
1z4o,162.57,-4.37,258.12,16,4,9,9,4,10,7,96,0,0,1,1,0,0,1
1z6e,120.03,4.25,528.47,38,3,10,9,2,14,9,196,1,5,0,0,3,2,0
1z6s,191.73,-3.13,345.21,23,4,12,12,3,13,7,126,0,2,1,1,2,0,1
1z71,89.35,3.67,499.34,33,4,7,4,4,11,11,174,1,3,0,0,2,1,0
1z95,107.26,2.88,430.38,29,2,6,5,2,11,7,154,1,2,0,0,0,2,0
1z9g,69.23,-0.22,252.32,17,1,4,4,2,5,7,92,1,1,0,0,0,1,0
1zc9,133.18,-1.82,247.17,16,4,7,6,2,8,7,90,0,1,0,0,1,0,0
1zdp,69.23,-0.36,252.32,17,1,4,4,2,5,7,92,1,1,0,0,0,1,0
1zgi,93.69,3.58,439.47,32,2,8,8,2,10,7,166,0,4,1,1,3,1,1
1zhy,20.23,7.39,386.66,28,1,1,1,1,1,11,160,0,0,3,4,0,0,0
1zky,49.69,3.29,288.39,21,2,3,3,2,3,7,114,0,1,1,2,0,1,1
1zoe,31.92,4.68,476.79,16,1,3,2,1,7,3,86,0,2,0,0,1,1,0
1zog,28.68,5.33,479.82,15,1,2,2,1,7,2,80,0,2,0,0,1,1,0
1zoh,21.06,4.54,488.8,17,0,3,3,0,7,1,90,0,2,0,1,1,1,0
1zp8,156.11,3.66,663.8,47,3,12,10,3,13,19,250,1,4,0,1,1,3,0
1zpa,164.98,4.73,720.89,51,3,13,10,3,14,20,274,2,4,0,0,1,3,0
1zs0,118.59,1.54,397.39,26,1,7,6,1,9,10,142,0,2,0,0,0,2,0
1zsf,216.59,-0.11,703.84,51,8,13,8,6,13,20,274,4,3,0,0,0,3,0
1zsr,216.59,-0.11,703.84,51,8,13,8,6,13,20,274,4,3,0,0,0,3,0
1zvx,118.59,1.54,397.39,26,1,7,6,1,9,10,142,0,2,0,0,0,2,0
220l,0,1.69,78.11,6,0,0,0,0,0,0,30,0,1,0,0,0,1,0
2a31,86.24,-3.28,118.16,8,6,4,1,4,4,4,48,0,0,0,0,0,0,0
2a4m,83.56,-0.93,204.23,15,4,4,2,2,4,4,78,0,2,0,0,1,1,0
2a5b,159.25,-2.36,283.24,20,6,10,8,5,10,5,108,0,2,1,1,2,0,1
2a5c,139.28,-1.66,267.24,19,5,9,8,4,9,5,102,0,2,1,1,2,0,1
2a8g,139.28,-1.66,267.24,19,5,9,8,4,9,5,102,0,2,1,1,2,0,1
2aac,90.15,-2.19,164.16,11,4,5,5,4,5,5,66,0,0,1,1,0,0,1
2ada,133.49,-2.27,268.23,19,4,9,8,4,9,5,102,0,2,1,1,2,0,1
2adu,41.57,1.78,159.19,12,1,3,2,1,3,2,60,0,2,0,0,1,1,0
2afw,57.78,0.09,153.19,11,2,4,2,2,4,4,60,1,1,0,0,1,0,0
2afx,17.82,1.93,158.2,12,0,2,2,0,2,2,60,0,2,0,0,1,1,0
2aj8,77.09,-0.11,354.41,26,1,8,8,1,8,5,136,0,3,1,1,2,1,1
2am4,282.42,-5.08,566.28,36,6,18,17,6,21,14,206,0,1,2,2,1,0,2
2amt,270.87,-2.13,564.34,37,6,17,17,4,19,15,204,0,2,1,1,1,1,1
2ans,69.23,3.49,298.34,21,1,4,4,1,5,3,106,0,3,0,0,0,3,0
2aoc,323.53,-4.29,786.03,55,16,19,8,11,19,37,316,7,0,0,0,0,0,0
2aod,323.53,-4.29,786.03,55,16,19,8,11,19,37,316,7,0,0,0,0,0,0
2aoe,338.98,-5.74,834.08,59,17,19,8,11,19,36,332,6,1,0,0,0,1,0
2aog,334.53,-4.95,772.01,54,17,19,8,12,19,36,310,7,0,0,0,0,0,0
2aou,48.39,5.18,355.87,25,2,4,4,2,5,9,130,0,3,0,0,1,2,0
2aov,77.82,2.92,269.13,17,4,4,4,2,6,4,88,0,2,0,0,1,1,0
2aqu,171.22,4.21,704.87,51,5,13,9,5,13,17,276,4,3,0,0,1,2,0
2arm,49.77,1.93,289.37,21,1,4,4,1,4,6,114,0,1,2,2,0,1,2
2avm,334.53,-4.95,772.01,54,17,19,8,12,19,36,310,7,0,0,0,0,0,0
2avo,118.03,2.87,613.8,45,4,9,7,4,9,13,240,2,3,1,2,1,2,1
2avq,334.53,-4.95,772.01,54,17,19,8,12,19,36,310,7,0,0,0,0,0,0
2avs,118.03,2.87,613.8,45,4,9,7,4,9,13,240,2,3,1,2,1,2,1
2avv,118.03,2.87,613.8,45,4,9,7,4,9,13,240,2,3,1,2,1,2,1
2ayr,76.07,6.27,517.65,37,1,6,6,1,7,10,192,0,4,1,1,0,4,1
2azr,102.38,-1.21,251.22,17,0,6,7,0,7,4,88,0,2,0,0,2,0,0
2b07,138.9,2.01,558.66,37,1,9,10,1,12,9,194,0,4,1,1,2,2,1
2b1v,49.69,2.8,260.33,19,2,3,3,2,3,5,102,0,1,1,2,0,1,1
2b4l,40.13,-1.56,117.15,8,0,3,2,0,3,5,48,0,0,0,0,0,0,0
2b7d,256.13,-2.09,531.51,39,10,13,8,7,13,11,200,2,4,0,0,1,3,0
2baj,58.95,6.12,403.31,27,2,5,3,2,7,3,140,2,3,0,0,1,2,0
2bak,113.97,4.65,583.69,43,2,11,10,2,11,12,224,1,4,2,2,2,2,2
2bal,82.17,2.96,380.42,28,3,6,6,2,7,6,144,0,3,1,1,1,2,1
2bfq,297.18,-4.55,557.3,36,7,19,19,6,21,15,202,0,2,2,2,2,0,2
2bfr,241.09,-3.64,424.18,27,4,15,15,3,17,9,150,0,2,1,1,2,0,1
2bjm,20.23,3.7,194.23,15,1,1,1,1,1,1,72,0,3,0,0,0,3,0
2bmk,162.28,-3.36,318.22,21,3,9,8,2,10,10,118,0,1,0,0,1,0,0
2bmz,158.3,-4.1,326.3,22,6,10,10,6,10,11,130,0,0,2,2,0,0,2
2bo4,140.62,-5.25,189.1,13,1,7,7,1,7,6,74,0,0,0,0,0,0,0
2boh,63.3,5.66,483.04,33,1,6,6,1,8,8,172,1,4,1,1,3,1,1
2boj,79.15,-1.93,164.16,11,3,5,5,3,5,5,66,0,0,1,1,0,0,1
2bok,92.23,-0.63,399.54,29,4,7,3,2,7,9,156,2,1,3,3,0,1,3
2bpv,135.1,2.41,619.81,45,4,10,7,4,10,14,244,3,2,2,2,1,1,1
2bpy,154.47,1.81,727.35,51,4,13,10,4,14,15,280,3,2,3,3,1,1,2
2bq7,46.5,4.3,405.54,30,1,5,4,1,5,9,158,1,3,1,1,1,2,1
2bqv,140.23,2.65,588.71,43,5,10,7,5,10,17,228,3,3,0,1,0,3,0
2br1,89.64,3.98,391.43,29,2,7,7,2,7,10,148,0,4,0,0,2,2,0
2br6,53.94,-1.46,102.11,7,3,3,2,1,3,1,40,0,0,1,1,0,0,1
2brb,71.18,3.96,331.37,25,2,5,5,2,5,6,124,0,4,0,0,2,2,0
2brm,73.83,3.7,330.39,25,3,5,4,3,5,6,124,0,4,0,0,2,2,0
2bsu,424.58,-6.43,981.12,69,17,25,15,14,25,43,388,9,1,0,0,0,1,0
2bt9,79.15,-1.54,178.18,12,3,5,5,3,5,6,72,0,0,1,1,0,0,1
2bvd,151.87,-4.26,309.31,21,7,9,9,7,9,10,124,0,0,2,2,0,0,2
2byr,144.3,2.04,682.81,49,2,12,11,2,12,17,268,2,1,7,7,0,1,2
2bys,40.54,4.24,337.46,25,1,3,3,1,3,8,132,0,2,1,1,0,2,1
2bz6,131.46,-0.24,417.44,30,5,8,6,3,9,10,160,0,2,1,1,0,2,1
2bza,27.64,0.43,108.16,8,3,1,0,1,1,2,42,0,1,0,0,0,1,0
2bzz,494.65,-5.49,911.33,57,8,32,32,6,37,22,316,0,4,2,2,4,0,2
2c02,241.09,-3.64,424.18,27,4,15,15,3,17,9,150,0,2,1,1,2,0,1
2c1p,74.73,2.48,322.34,24,1,5,5,1,6,6,120,0,3,0,0,1,2,0
2c3j,113.98,-2.62,246.25,18,6,7,3,5,7,0,92,2,1,0,2,1,0,0
2c3l,57.36,3.11,234.26,18,2,4,2,2,4,1,86,0,4,0,0,2,2,0
2c4v,140.62,-5.25,189.1,13,1,7,7,1,7,6,74,0,0,0,0,0,0,0
2c80,166.1,-3.21,390.48,26,5,9,7,3,10,17,150,2,0,0,0,0,0,0
2c92,245.99,-4.73,466.34,31,6,15,13,6,16,16,176,0,2,0,0,2,0,0
2c94,236.76,-4.07,486.32,32,6,14,12,6,17,15,182,0,2,0,0,2,0,0
2c97,138.14,-1.12,296.6,18,2,8,6,2,10,6,102,0,1,0,0,1,0,0
2ca8,166.1,-5.59,306.32,20,5,9,7,4,10,11,114,2,0,0,0,0,0,0
2cbu,84.16,-2.48,189.21,13,4,5,5,4,5,4,76,0,0,2,2,0,0,2
2cbv,92.95,-2.48,175.18,12,5,5,5,5,5,4,70,0,0,2,2,0,0,2
2cbz,290.45,-4.16,503.15,31,4,18,18,3,21,11,174,0,2,1,1,2,0,1
2cc7,91.5,0.78,242.24,18,2,6,4,2,6,2,90,0,3,0,0,2,1,0
2ccb,161.56,-1.72,376.37,27,5,10,9,5,10,11,144,0,1,0,2,0,1,0
2ccc,82.49,0.21,257.27,19,2,6,3,2,6,3,96,0,3,0,0,2,1,0
2ceq,98.74,-1.81,200.19,14,4,6,6,4,6,5,78,0,1,0,1,1,0,0
2cer,98.74,-0.03,304.35,22,4,6,6,4,6,8,118,0,2,0,1,1,1,0
2ces,98.74,-1.81,200.19,14,4,6,6,4,6,5,78,0,1,0,1,1,0,0
2cet,98.74,-0.03,304.35,22,4,6,6,4,6,8,118,0,2,0,1,1,1,0
2cex,159.38,-4.4,290.25,20,5,9,8,5,9,10,114,1,0,0,1,0,0,0
2cf8,75.16,2.62,452.02,32,4,5,2,2,6,7,168,1,2,3,3,0,2,3
2cf9,84.39,1.98,447.6,33,4,6,3,2,6,9,174,1,2,3,3,0,2,3
2cgr,101.95,0.54,384.44,29,3,6,3,3,6,6,144,0,3,0,0,0,3,0
2cht,109.72,-3.05,226.18,16,1,6,6,1,6,3,88,0,0,1,2,0,0,1
2cji,96.02,1.62,465.96,31,1,8,5,1,10,6,166,2,2,2,2,0,2,2
2csn,86.7,0.41,286.76,18,4,5,3,2,7,5,96,0,2,0,0,1,1,0
2ctc,60.36,-0.66,165.17,12,1,3,3,1,3,4,64,0,1,0,0,0,1,0
2d0k,218.94,-2.71,439.39,32,5,13,11,4,13,10,166,1,3,0,0,2,1,0
2d1n,172.08,-0.39,464.65,33,11,9,3,7,9,20,186,2,1,0,0,0,1,0
2d1o,172.08,-0.39,464.65,33,11,9,3,7,9,20,186,2,1,0,0,0,1,0
2d3u,110.09,2.76,397.46,27,1,6,6,1,8,6,136,0,3,0,0,1,2,0
2d3z,86.3,3.03,390.44,26,1,5,5,1,8,6,134,0,3,0,0,1,2,0
2drc,216.2,-2.4,452.43,33,5,13,12,3,13,12,172,1,3,0,0,2,1,0
2dri,90.15,-2.58,150.13,10,4,5,5,4,5,4,60,0,0,1,1,0,0,1
2dua,80.26,-3.51,88.02,6,0,4,4,0,4,0,34,0,0,0,0,0,0,0
2dw7,120.72,-4.79,148.07,10,2,6,6,2,6,5,58,0,0,0,0,0,0,0
2er6,385.35,-10.12,911.03,65,15,22,12,11,22,31,356,5,2,1,1,0,2,1
2er9,295.72,1.31,906.1,65,10,20,11,9,20,28,356,7,3,1,1,2,1,1
2erz,86.85,-0.51,308.38,21,3,6,3,2,7,2,112,0,2,1,1,1,1,1
2euk,148.71,10.28,810.26,57,6,9,8,6,9,47,336,1,0,1,1,0,0,1
2eum,235.6,0.86,753,52,11,14,13,10,14,40,308,0,0,2,2,0,0,2
2evl,148.71,7.72,724.08,51,6,9,8,6,9,40,298,1,0,1,1,0,0,1
2ewa,58.64,4.68,377.44,27,1,4,3,1,6,5,134,0,4,0,0,2,2,0
2ewb,60.44,1.06,324.45,21,0,4,5,1,6,7,114,1,1,1,1,0,1,1
2ez7,96.45,-2.69,155.16,11,4,5,3,2,5,4,60,0,1,0,0,1,0,0
2f01,81.26,-0.54,243.31,16,2,5,4,2,6,5,90,2,0,2,2,0,0,2
2f1g,88.42,4.82,436.56,32,3,7,6,3,7,11,170,1,3,1,1,1,2,0
2f2h,192.21,-2.05,449.43,30,6,12,12,6,13,12,168,0,1,2,2,0,1,2
2f34,151.9,-3.85,352.35,24,3,9,9,1,10,8,128,0,2,0,0,2,0,0
2f35,151.9,-4.22,332.29,24,3,9,8,1,9,7,126,0,2,0,0,1,1,0
2f5t,189.53,-5.4,342.3,23,8,11,11,8,11,12,136,0,0,2,2,0,0,2
2f6t,127.87,0.97,384.43,26,2,9,6,2,10,4,144,2,1,0,1,0,1,0
2f7o,88.33,-2.58,180.25,11,6,4,4,4,5,6,66,0,0,1,1,0,0,0
2f7p,77.3,-1.05,270.37,18,5,4,4,4,5,8,100,0,1,1,1,0,1,0
2f80,140.42,2.38,547.67,38,4,10,8,3,11,15,208,1,2,2,2,0,2,2
2f81,140.42,2.38,547.67,38,4,10,8,3,11,15,208,1,2,2,2,0,2,2
2f8g,140.42,2.38,547.67,38,4,10,8,3,11,15,208,1,2,2,2,0,2,2
2f8i,66.16,3.17,307.11,20,0,4,4,0,6,2,100,0,3,0,0,1,2,0
2fai,49.69,3.04,274.36,20,2,3,3,2,3,6,108,0,1,1,2,0,1,1
2fdp,106.15,4.7,561.72,41,5,7,3,3,8,18,218,3,3,0,0,0,3,0
2ff1,134.26,-2.02,266.26,19,6,8,6,6,8,5,102,0,2,1,1,2,0,1
2fgi,118.11,3.95,524.69,38,4,10,7,3,10,16,206,2,3,0,0,2,1,0
2fgu,166.75,3.09,670.86,49,6,11,7,5,11,13,262,4,3,2,2,1,2,1
2fgv,166.75,3.09,670.86,49,6,11,7,5,11,13,262,4,3,2,2,1,2,1
2fkf,214.76,-5.52,336.08,20,3,12,12,3,14,8,120,0,0,1,1,0,0,1
2flb,129.2,0.79,319.35,24,7,7,3,5,7,4,118,0,4,0,0,2,2,0
2fpz,54.7,1.15,133.15,10,3,3,2,2,3,1,50,0,2,0,0,1,1,0
2fqo,157.56,-4.3,268.29,17,7,8,7,5,9,12,100,1,0,0,0,0,0,0
2fqt,157.56,-4.3,268.29,17,7,8,7,5,9,12,100,1,0,0,0,0,0,0
2fqw,133.49,-2.27,268.23,19,4,9,8,4,9,5,102,0,2,1,1,2,0,1
2fqx,159.51,-2.69,283.24,20,6,10,9,5,10,6,108,0,2,1,1,2,0,1
2fqy,139.54,-1.98,267.24,19,5,9,9,4,9,6,102,0,2,1,1,2,0,1
2fvd,127.51,1.41,441.46,30,3,9,8,2,12,9,162,0,2,1,1,1,1,1
2fw6,140.62,-5.25,189.1,13,1,7,7,1,7,6,74,0,0,0,0,0,0,0
2fwp,140.62,-5.25,189.1,13,1,7,7,1,7,6,74,0,0,0,0,0,0,0
2fx6,54.7,1.15,133.15,10,3,3,2,2,3,1,50,0,2,0,0,1,1,0
2fxu,143.42,5.93,704.99,50,4,10,8,4,10,27,286,2,0,3,3,0,0,3
2fxv,211.7,-3.83,361.21,24,5,13,12,4,14,7,132,0,2,1,1,2,0,1
2fzc,184.58,-4.95,300.1,18,2,10,8,2,12,7,106,2,0,0,0,0,0,0
2fzg,184.58,-2.61,348.14,22,2,10,8,2,12,6,122,2,1,0,0,0,1,0
2fzk,224.71,-4.25,391.14,25,2,12,10,2,14,7,138,2,1,0,0,0,1,0
2fzz,113.65,5.05,588.59,43,3,9,8,2,12,7,220,1,5,1,2,2,3,1
2g00,85.66,3.5,534.56,39,3,7,4,2,10,8,200,2,4,0,1,1,3,0
2g5u,40.46,5.38,323.99,18,2,2,2,2,6,3,94,0,2,0,0,0,2,0
2g8r,147.92,-3.38,354.34,25,3,10,9,3,10,6,138,0,1,2,2,1,0,2
2g94,197.82,1.43,658.86,45,5,14,10,5,15,29,258,4,1,0,0,1,0,0
2gh7,81.26,-0.54,243.31,16,2,5,4,2,6,5,90,2,0,2,2,0,0,2
2gl0,139.54,-1.98,267.24,19,5,9,9,4,9,6,102,0,2,1,1,2,0,1
2gss,66.43,2.27,302.13,19,0,4,4,0,6,7,102,0,1,0,0,0,1,0
2gst,186.33,-2.33,500.55,35,6,10,8,4,11,13,186,2,2,0,1,0,2,0
2gsu,191.73,-3.13,345.21,23,4,12,12,3,13,7,126,0,2,1,1,2,0,1
2gv6,184.1,-1.82,551.72,39,10,10,3,6,11,10,206,1,3,1,1,0,3,1
2gv7,193.45,0.78,696.96,49,9,12,4,5,13,17,268,2,2,2,2,0,2,2
2gvj,62.3,3.93,391.51,29,1,5,3,1,5,8,152,2,2,1,1,1,1,1
2gvv,61.55,2.97,233.25,15,2,4,3,1,5,5,88,0,0,2,2,0,0,0
2gyi,110.02,-2.79,151.12,10,5,6,5,5,6,7,60,1,0,0,0,0,0,0
2gzl,267.96,-1.37,677.52,44,5,18,17,4,21,18,242,0,3,1,1,1,2,1
2h3e,175.51,-4.99,251.11,16,3,9,7,2,10,6,92,2,0,0,0,0,0,0
2h4g,109.72,1.08,371.16,21,1,6,7,1,8,5,110,0,2,0,0,1,1,0
2h4k,89.49,0.67,355.16,20,0,5,6,0,7,5,104,0,2,0,0,1,1,0
2h4n,115.04,-0.86,222.25,13,3,7,6,2,9,4,72,1,1,0,0,1,0,0
2h5a,142.34,-3.73,228.09,14,3,8,8,3,9,5,84,0,0,1,1,0,0,1
2h6b,60.36,0.34,185.59,12,1,3,3,1,4,3,64,0,1,0,0,0,1,0
2h6q,391.93,-9.67,818.98,57,18,23,11,13,23,37,326,7,0,0,0,0,0,0
2hb1,89.49,-1,279.07,14,0,5,6,0,7,4,76,0,1,0,0,1,0,0
2hb3,125.4,3.09,560.71,39,3,9,7,3,10,16,214,1,2,2,2,0,2,1
2hdq,40.13,0.11,127.14,8,0,2,3,0,3,1,42,0,1,0,0,1,0,0
2hdr,86.38,0.04,152.13,11,3,4,4,2,4,2,58,0,1,0,0,0,1,0
2hf8,290.52,-4.12,536.23,32,6,18,18,5,22,12,180,0,2,1,1,2,0,1
2hh5,126.07,2.53,572.61,39,3,10,7,3,14,12,214,3,2,1,1,0,2,1
2hs1,140.42,2.38,547.67,38,4,10,8,3,11,15,208,1,2,2,2,0,2,2
2hs2,140.42,2.38,547.67,38,4,10,8,3,11,15,208,1,2,2,2,0,2,2
2hu6,100.13,1.49,383.4,28,3,8,5,3,8,5,146,3,2,2,2,0,2,2
2hxm,149.03,-1.17,345.29,25,2,10,8,2,10,8,130,0,2,0,0,1,1,0
2i0a,142.55,3.66,637.76,45,2,11,8,2,12,19,240,2,3,1,1,0,3,1
2i0d,142.55,3.66,637.76,45,2,11,8,2,12,19,240,2,3,1,1,0,3,1
2i0g,49.69,4.12,282.34,21,2,3,3,2,3,3,108,0,2,1,2,0,2,0
2i3h,162.07,-1.29,471.56,34,6,10,5,4,10,13,184,3,2,1,1,1,1,1
2i3i,112.94,1.42,499.66,35,4,9,6,3,10,11,188,3,2,2,2,1,1,2
2i80,29.1,3.91,279.69,18,1,2,1,1,6,5,100,1,1,0,0,0,1,0
2ihq,84.64,1.61,307.31,23,1,6,4,1,6,2,114,3,2,2,2,0,2,2
2iko,89.85,3.76,355.39,26,5,5,5,3,7,8,134,0,3,0,0,1,2,0
2il2,148.77,4.37,618.76,44,4,11,9,3,12,17,232,1,4,0,1,1,3,0
2iuz,123.64,-2.12,386.37,28,0,12,12,0,12,7,146,0,4,0,0,4,0,0
2ivu,59.51,5,475.36,30,1,6,6,1,8,8,158,0,3,1,1,1,2,1
2izl,92.15,-2.85,243.33,16,4,5,5,3,6,5,90,0,0,1,2,0,0,1
2j2u,111.81,0.95,454.94,30,2,9,5,2,11,6,162,2,2,2,2,1,1,2
2j34,96.02,1.68,471.99,30,1,8,6,1,11,6,162,2,2,2,2,1,1,2
2j47,136.71,-0.42,360.37,26,5,9,7,5,9,8,138,2,2,0,1,1,1,0
2j4i,132.96,1.55,559.11,36,2,10,6,2,13,14,198,2,2,1,1,0,2,1
2j75,92.95,-2.76,163.17,11,5,5,5,5,5,5,66,0,0,1,1,0,0,1
2j77,92.95,-2.97,163.17,11,5,5,5,5,5,5,66,0,0,1,1,0,0,1
2j78,125.54,-3.18,192.17,13,6,7,7,6,7,6,76,0,0,0,1,0,0,0
2j79,125.54,-3.18,192.17,13,6,7,7,6,7,6,76,0,0,0,1,0,0,0
2j7b,124.52,-3.02,202.17,14,4,8,8,4,8,5,78,0,1,0,1,1,0,0
2j7d,128.2,-2.18,260.25,18,5,8,8,5,8,9,102,0,1,0,1,1,0,0
2j7e,125.04,-2.1,272.26,19,4,8,8,4,8,8,106,0,1,0,1,1,0,0
2j7f,138.87,-3.45,243.2,17,4,8,8,4,8,6,94,0,1,0,1,1,0,0
2j7g,138.87,-3.52,257.22,18,4,8,8,4,8,7,100,0,1,0,1,1,0,0
2jxr,169.33,1.83,653.77,46,6,12,7,6,14,19,258,5,1,2,2,0,1,1
2mas,103.32,-2.03,225.27,16,7,5,4,5,5,6,88,0,1,1,1,0,1,1
2olb,208.89,-5.45,405.56,28,14,10,4,6,10,21,164,2,0,0,0,0,0,0
2pcp,3.24,4.33,243.39,18,0,1,1,0,1,2,98,0,1,2,2,0,1,1
2qwb,179.61,-5.21,308.26,21,6,10,9,6,10,11,122,1,0,1,1,0,0,1
2qwc,159.38,-4.4,290.25,20,5,9,8,5,9,10,114,1,0,0,1,0,0,0
2qwd,166.79,-5.15,290.27,20,7,9,7,5,9,10,114,1,0,0,1,0,0,0
2qwe,205.16,-7.04,332.31,23,9,11,7,7,11,10,130,1,0,0,1,0,0,0
2qwf,164.78,-4.89,341.37,24,6,10,5,4,10,9,134,2,0,0,1,0,0,0
2rkm,152.15,-4.34,276.38,19,10,7,3,4,7,14,112,1,0,0,0,0,0,0
2sim,159.38,-4.4,290.25,20,5,9,8,5,9,10,114,1,0,0,1,0,0,0
2std,29.1,4.74,334.67,20,1,2,1,1,5,7,110,1,1,1,1,0,1,0
2tmn,118.31,-1.7,208.15,13,3,6,4,2,7,7,78,1,0,0,0,0,0,0
2toh,136.62,-1.41,239.24,17,6,8,7,5,8,6,92,0,1,0,1,1,0,0
2tpi,96.87,-1.47,230.31,16,4,5,3,2,5,11,94,1,0,0,0,0,0,0
2usn,96.11,4.2,414.51,28,3,7,6,3,9,7,144,2,3,0,0,1,2,0
2ypi,112.55,-3.42,153.01,9,0,6,6,0,7,3,54,0,0,0,0,0,0,0
3aid,87.66,4.48,504.65,37,3,7,4,3,7,12,196,2,3,0,0,0,3,0
3gss,232.53,-3.44,608.45,39,5,13,11,3,16,20,216,2,1,0,0,0,1,0
3gst,186.33,-2.33,500.55,35,6,10,8,4,11,13,186,2,2,0,1,0,2,0
3jdw,95.41,-3.63,133.17,9,6,4,2,2,4,6,54,0,0,0,0,0,0,0
3kiv,67.77,-1.46,131.17,9,3,3,2,1,3,6,54,0,0,0,0,0,0,0
3pcb,60.36,0.46,137.11,10,1,3,3,1,3,1,52,0,1,0,0,0,1,0
3pcc,60.36,0.46,137.11,10,1,3,3,1,3,1,52,0,1,0,0,0,1,0
3pce,60.36,-0.32,151.14,11,1,3,3,1,3,3,58,0,1,0,0,0,1,0
3pcf,60.36,0.6,155.1,11,1,3,3,1,4,1,58,0,1,0,0,0,1,0
3pcg,60.36,-0.32,151.14,11,1,3,3,1,3,3,58,0,1,0,0,0,1,0
3pch,60.36,0.46,137.11,10,1,3,3,1,3,1,52,0,1,0,0,0,1,0
3pcj,82.36,-0.11,154.1,11,1,5,5,1,5,1,58,0,1,0,0,1,0,0
3pck,82.36,-0.11,154.1,11,1,5,5,1,5,1,58,0,1,0,0,1,0,0
3pcn,80.59,-0.61,167.14,12,2,4,4,2,4,4,64,0,1,0,0,0,1,0
3std,66.18,3.92,365.46,28,2,4,3,1,4,6,136,0,4,0,0,1,3,0
3tlh,116.76,2.16,455.55,33,4,8,5,4,8,15,178,3,2,0,0,0,2,0
456c,101.93,3.35,425.89,28,2,7,6,2,9,7,150,1,2,1,1,0,2,1
4er1,136.21,8.88,814.13,60,5,9,5,5,9,26,320,3,5,1,1,1,4,0
4er2,226.09,0.13,684.9,48,7,14,9,7,14,35,278,5,0,0,0,0,0,0
4fiv,208.82,3.57,794.99,58,8,13,7,7,13,27,310,6,4,0,0,0,4,0
4rsk,176.97,-4,322.17,21,3,11,10,3,12,6,118,0,1,1,1,1,0,1
4std,49.33,3.78,338.18,20,2,3,2,2,5,5,104,1,2,0,0,0,2,0
4tim,132.78,-4.06,183.03,11,1,7,7,1,8,5,66,0,0,0,0,0,0,0
4tln,76.97,-0.85,147.2,10,5,4,2,3,4,7,60,1,0,0,0,0,0,0
4tmk,459.66,-5.02,886.32,55,6,30,29,5,35,21,308,0,3,2,2,3,0,2
4tmn,159.72,1.29,517.52,36,3,10,7,3,11,16,196,2,2,0,0,0,2,0
4ts1,88,-1.7,181.19,13,4,4,3,2,4,5,70,0,1,0,0,0,1,0
5abp,110.38,-3.22,180.16,12,5,6,6,5,6,6,72,0,0,1,1,0,0,1
5er1,148.98,0.02,522.73,37,8,9,5,5,9,25,210,2,1,0,0,0,1,0
5er2,274.65,2.31,946.2,68,10,18,10,8,18,30,374,6,3,1,1,1,2,0
5fiv,116.76,2.16,455.55,33,4,8,5,4,8,15,178,3,2,0,0,0,2,0
5std,42.39,4.32,376.43,28,2,3,2,1,5,6,140,0,4,0,0,1,3,0
5tln,127.76,-1.04,323.35,23,5,8,5,5,8,11,126,3,1,0,0,0,1,0
5tmn,159.72,0.71,469.47,32,3,10,7,3,11,17,180,2,1,0,0,0,1,0
5tmp,489.74,-4.47,912.34,57,6,32,30,5,37,21,316,0,3,2,2,3,0,2
5yas,40.46,0.79,184.03,11,2,2,2,2,8,2,68,0,0,0,0,0,0,0
6abp,90.15,-2.58,150.13,10,4,5,5,4,5,4,60,0,0,1,1,0,0,1
6cpa,156.92,0.69,476.42,33,2,10,8,2,11,13,178,2,2,0,0,0,2,0
6fiv,116.76,2.16,455.55,33,4,8,5,4,8,15,178,3,2,0,0,0,2,0
6rnt,191.73,-3.13,345.21,23,4,12,12,3,13,7,126,0,2,1,1,2,0,1
6std,46.17,3.57,413.16,21,1,3,2,1,7,7,116,1,1,1,1,0,1,0
6tim,112.88,-2.82,170.06,10,2,6,6,2,7,6,62,0,0,0,0,0,0,0
7abp,90.15,-2.19,164.16,11,4,5,5,4,5,5,66,0,0,1,1,0,0,1
7cpa,156.92,2.55,580.57,41,2,10,8,2,11,16,218,2,3,0,0,0,3,0
7hvp,288.89,-2.65,862.06,61,11,19,11,10,19,35,342,7,1,1,1,0,1,1
7std,29.1,4.74,334.67,20,1,2,1,1,5,7,110,1,1,1,1,0,1,0
7upj,96.61,5.35,479.6,34,2,6,5,2,7,7,178,0,3,1,2,1,2,0
830c,101.93,3.21,425.89,28,2,7,6,2,9,7,150,1,2,1,1,0,2,1
8abp,110.38,-3.22,180.16,12,5,6,6,5,6,6,72,0,0,1,1,0,0,1
8cpa,156.92,0.31,462.39,32,2,10,8,2,11,12,172,2,2,0,0,0,2,0
966c,101.93,2.7,391.44,27,2,7,6,2,8,7,144,1,2,1,1,0,2,1
9abp,110.38,-3.22,180.16,12,5,6,6,5,6,6,72,0,0,1,1,0,0,1
1a7x,220.18,5.58,941.17,67,4,16,15,4,16,21,374,1,1,3,4,0,1,2
1b8n,160.54,-2.03,281.27,20,8,9,8,7,9,7,108,0,2,1,1,2,0,1
1ksn,134.38,1.89,447.51,33,5,8,6,3,8,12,171,1,3,0,0,1,2,0
1mue,109.68,2.45,467.83,32,2,8,6,2,12,7,168,0,3,0,0,2,1,0
1nw5,193.07,-4.51,399.45,27,7,11,10,4,12,12,148,0,2,1,1,2,0,1
1rle,270.55,-3.66,534.21,32,4,18,13,4,22,10,176,0,1,1,2,1,0,1
1sl3,153.28,1.94,552.33,37,2,12,10,2,16,8,192,0,4,0,0,3,1,0
1tyr,40.13,4.31,300.44,22,0,2,2,0,2,11,120,0,0,0,1,0,0,0
2adm,193.07,-4.51,399.45,27,7,11,10,4,12,12,148,0,2,1,1,2,0,1
2j7h,93.91,-4.88,150.18,10,7,5,3,5,5,4,60,0,0,1,1,0,0,1
